BEGIN;
INSERT INTO posts (id, user_id, content, media_url, is_private, created_at, updated_at) VALUES (1, 50, 'Carmaker shares jump after Donald Trump signals ‘help’ for industry - Financial Times - President acknowledges companies ‘need a little bit of time’ before they can manufacture in US', 'https://www.ft.com/__origami/service/image/v2/images/raw/https%3A%2F%2Fd1e00ek4ebabms.cloudfront.net%2Fproduction%2Fc36b69e2-d66c-4ba5-8553-528e3d918e8e.jpg?source=next-barrier-page', 0, '2025-04-16 15:30:21', '2025-04-16 15:30:21');
INSERT INTO reactions (user_id, post_id, comment_id, reaction_type, created_at) VALUES (21, 1, NULL, 'sad', '2025-04-16 15:30:21');
INSERT INTO reactions (user_id, post_id, comment_id, reaction_type, created_at) VALUES (50, 1, NULL, 'sad', '2025-04-16 15:30:21');
INSERT INTO reactions (user_id, post_id, comment_id, reaction_type, created_at) VALUES (24, 1, NULL, 'sad', '2025-04-16 15:30:21');
INSERT INTO reactions (user_id, post_id, comment_id, reaction_type, created_at) VALUES (4, 1, NULL, 'wow', '2025-04-16 15:30:21');
INSERT INTO reactions (user_id, post_id, comment_id, reaction_type, created_at) VALUES (16, 1, NULL, 'sad', '2025-04-16 15:30:21');
INSERT INTO reactions (user_id, post_id, comment_id, reaction_type, created_at) VALUES (5, 1, NULL, 'wow', '2025-04-16 15:30:21');
INSERT INTO reactions (user_id, post_id, comment_id, reaction_type, created_at) VALUES (12, 1, NULL, 'love', '2025-04-16 15:30:21');
INSERT INTO reactions (user_id, post_id, comment_id, reaction_type, created_at) VALUES (19, 1, NULL, 'angry', '2025-04-16 15:30:21');
INSERT INTO comments (id, post_id, user_id, parent_comment_id, content, created_at) VALUES (1, 1, 26, NULL, 'Officer voice exist relationship truth water.', '2025-04-16 15:30:21');
INSERT INTO reactions (user_id, post_id, comment_id, reaction_type, created_at) VALUES (46, NULL, 1, 'wow', '2025-04-16 15:30:21');
INSERT INTO reactions (user_id, post_id, comment_id, reaction_type, created_at) VALUES (16, NULL, 1, 'like', '2025-04-16 15:30:21');
INSERT INTO reactions (user_id, post_id, comment_id, reaction_type, created_at) VALUES (48, NULL, 1, 'haha', '2025-04-16 15:30:21');
INSERT INTO reactions (user_id, post_id, comment_id, reaction_type, created_at) VALUES (48, NULL, 1, 'angry', '2025-04-16 15:30:21');
INSERT INTO reactions (user_id, post_id, comment_id, reaction_type, created_at) VALUES (6, NULL, 1, 'sad', '2025-04-16 15:30:21');
INSERT INTO reactions (user_id, post_id, comment_id, reaction_type, created_at) VALUES (37, NULL, 1, 'angry', '2025-04-16 15:30:21');
INSERT INTO reactions (user_id, post_id, comment_id, reaction_type, created_at) VALUES (21, NULL, 1, 'haha', '2025-04-16 15:30:21');
INSERT INTO reactions (user_id, post_id, comment_id, reaction_type, created_at) VALUES (30, NULL, 1, 'like', '2025-04-16 15:30:21');
INSERT INTO reactions (user_id, post_id, comment_id, reaction_type, created_at) VALUES (1, NULL, 1, 'sad', '2025-04-16 15:30:21');
INSERT INTO comments (id, post_id, user_id, parent_comment_id, content, created_at) VALUES (2, 1, 22, 1, 'Prepare expect nation contain eight top book.', '2025-04-16 15:30:21');
INSERT INTO reactions (user_id, post_id, comment_id, reaction_type, created_at) VALUES (19, NULL, 2, 'angry', '2025-04-16 15:30:21');
INSERT INTO comments (id, post_id, user_id, parent_comment_id, content, created_at) VALUES (3, 1, 30, 2, 'Everyone score fast focus campaign else into.', '2025-04-16 15:30:21');
INSERT INTO reactions (user_id, post_id, comment_id, reaction_type, created_at) VALUES (22, NULL, 3, 'haha', '2025-04-16 15:30:21');
INSERT INTO reactions (user_id, post_id, comment_id, reaction_type, created_at) VALUES (26, NULL, 3, 'wow', '2025-04-16 15:30:21');
INSERT INTO reactions (user_id, post_id, comment_id, reaction_type, created_at) VALUES (17, NULL, 3, 'haha', '2025-04-16 15:30:21');
INSERT INTO reactions (user_id, post_id, comment_id, reaction_type, created_at) VALUES (44, NULL, 3, 'sad', '2025-04-16 15:30:21');
INSERT INTO reactions (user_id, post_id, comment_id, reaction_type, created_at) VALUES (41, NULL, 3, 'wow', '2025-04-16 15:30:21');
INSERT INTO comments (id, post_id, user_id, parent_comment_id, content, created_at) VALUES (4, 1, 30, NULL, 'Building all measure dinner economy television.', '2025-04-16 15:30:21');
INSERT INTO reactions (user_id, post_id, comment_id, reaction_type, created_at) VALUES (22, NULL, 4, 'angry', '2025-04-16 15:30:21');
INSERT INTO reactions (user_id, post_id, comment_id, reaction_type, created_at) VALUES (38, NULL, 4, 'angry', '2025-04-16 15:30:21');
INSERT INTO reactions (user_id, post_id, comment_id, reaction_type, created_at) VALUES (14, NULL, 4, 'love', '2025-04-16 15:30:21');
INSERT INTO reactions (user_id, post_id, comment_id, reaction_type, created_at) VALUES (41, NULL, 4, 'love', '2025-04-16 15:30:21');
INSERT INTO reactions (user_id, post_id, comment_id, reaction_type, created_at) VALUES (42, NULL, 4, 'angry', '2025-04-16 15:30:21');
INSERT INTO comments (id, post_id, user_id, parent_comment_id, content, created_at) VALUES (5, 1, 37, NULL, 'Management former at near girl sister Mr.', '2025-04-16 15:30:21');
INSERT INTO reactions (user_id, post_id, comment_id, reaction_type, created_at) VALUES (35, NULL, 5, 'like', '2025-04-16 15:30:21');
INSERT INTO reactions (user_id, post_id, comment_id, reaction_type, created_at) VALUES (20, NULL, 5, 'like', '2025-04-16 15:30:21');
INSERT INTO reactions (user_id, post_id, comment_id, reaction_type, created_at) VALUES (49, NULL, 5, 'angry', '2025-04-16 15:30:21');
INSERT INTO reactions (user_id, post_id, comment_id, reaction_type, created_at) VALUES (16, NULL, 5, 'sad', '2025-04-16 15:30:21');
INSERT INTO reactions (user_id, post_id, comment_id, reaction_type, created_at) VALUES (7, NULL, 5, 'angry', '2025-04-16 15:30:21');
INSERT INTO reactions (user_id, post_id, comment_id, reaction_type, created_at) VALUES (19, NULL, 5, 'like', '2025-04-16 15:30:21');
INSERT INTO reactions (user_id, post_id, comment_id, reaction_type, created_at) VALUES (22, NULL, 5, 'haha', '2025-04-16 15:30:21');
INSERT INTO reactions (user_id, post_id, comment_id, reaction_type, created_at) VALUES (37, NULL, 5, 'angry', '2025-04-16 15:30:21');
INSERT INTO reactions (user_id, post_id, comment_id, reaction_type, created_at) VALUES (35, NULL, 5, 'angry', '2025-04-16 15:30:21');
INSERT INTO comments (id, post_id, user_id, parent_comment_id, content, created_at) VALUES (6, 1, 19, NULL, 'All finish fund art various case appear note.', '2025-04-16 15:30:21');
INSERT INTO reactions (user_id, post_id, comment_id, reaction_type, created_at) VALUES (50, NULL, 6, 'wow', '2025-04-16 15:30:21');
INSERT INTO reactions (user_id, post_id, comment_id, reaction_type, created_at) VALUES (43, NULL, 6, 'angry', '2025-04-16 15:30:21');
INSERT INTO reactions (user_id, post_id, comment_id, reaction_type, created_at) VALUES (31, NULL, 6, 'sad', '2025-04-16 15:30:21');
INSERT INTO comments (id, post_id, user_id, parent_comment_id, content, created_at) VALUES (7, 1, 9, 6, 'Forget thank culture authority as traditional when describe.', '2025-04-16 15:30:21');
INSERT INTO reactions (user_id, post_id, comment_id, reaction_type, created_at) VALUES (35, NULL, 7, 'sad', '2025-04-16 15:30:21');
INSERT INTO reactions (user_id, post_id, comment_id, reaction_type, created_at) VALUES (8, NULL, 7, 'wow', '2025-04-16 15:30:21');
INSERT INTO posts (id, user_id, content, media_url, is_private, created_at, updated_at) VALUES (2, 39, 'Xi Jinping urges Vietnam to oppose Donald Trump’s tariff ‘bullying’ - Financial Times - US president says countries are trying to ‘screw’ America as China looks to shore up ties with trade partners', 'https://www.ft.com/__origami/service/image/v2/images/raw/https%3A%2F%2Fd1e00ek4ebabms.cloudfront.net%2Fproduction%2Fb92ca40a-9a11-4a81-8a92-1ddddb407fc3.jpg?source=next-barrier-page', 1, '2025-04-16 15:30:21', '2025-04-16 15:30:21');
INSERT INTO reactions (user_id, post_id, comment_id, reaction_type, created_at) VALUES (3, 2, NULL, 'love', '2025-04-16 15:30:21');
INSERT INTO reactions (user_id, post_id, comment_id, reaction_type, created_at) VALUES (40, 2, NULL, 'wow', '2025-04-16 15:30:21');
INSERT INTO reactions (user_id, post_id, comment_id, reaction_type, created_at) VALUES (40, 2, NULL, 'love', '2025-04-16 15:30:21');
INSERT INTO reactions (user_id, post_id, comment_id, reaction_type, created_at) VALUES (13, 2, NULL, 'angry', '2025-04-16 15:30:21');
INSERT INTO reactions (user_id, post_id, comment_id, reaction_type, created_at) VALUES (28, 2, NULL, 'angry', '2025-04-16 15:30:21');
INSERT INTO comments (id, post_id, user_id, parent_comment_id, content, created_at) VALUES (8, 2, 30, NULL, 'Stuff item industry activity quickly.', '2025-04-16 15:30:21');
INSERT INTO reactions (user_id, post_id, comment_id, reaction_type, created_at) VALUES (21, NULL, 8, 'haha', '2025-04-16 15:30:21');
INSERT INTO reactions (user_id, post_id, comment_id, reaction_type, created_at) VALUES (36, NULL, 8, 'sad', '2025-04-16 15:30:21');
INSERT INTO reactions (user_id, post_id, comment_id, reaction_type, created_at) VALUES (17, NULL, 8, 'like', '2025-04-16 15:30:21');
INSERT INTO comments (id, post_id, user_id, parent_comment_id, content, created_at) VALUES (9, 2, 32, NULL, 'Soldier according trouble deep pay.', '2025-04-16 15:30:21');
INSERT INTO reactions (user_id, post_id, comment_id, reaction_type, created_at) VALUES (45, NULL, 9, 'angry', '2025-04-16 15:30:21');
INSERT INTO comments (id, post_id, user_id, parent_comment_id, content, created_at) VALUES (10, 2, 28, 9, 'Citizen they western thousand.', '2025-04-16 15:30:21');
INSERT INTO reactions (user_id, post_id, comment_id, reaction_type, created_at) VALUES (29, NULL, 10, 'angry', '2025-04-16 15:30:21');
INSERT INTO reactions (user_id, post_id, comment_id, reaction_type, created_at) VALUES (50, NULL, 10, 'like', '2025-04-16 15:30:21');
INSERT INTO reactions (user_id, post_id, comment_id, reaction_type, created_at) VALUES (9, NULL, 10, 'wow', '2025-04-16 15:30:21');
INSERT INTO reactions (user_id, post_id, comment_id, reaction_type, created_at) VALUES (35, NULL, 10, 'like', '2025-04-16 15:30:21');
INSERT INTO reactions (user_id, post_id, comment_id, reaction_type, created_at) VALUES (34, NULL, 10, 'like', '2025-04-16 15:30:21');
INSERT INTO comments (id, post_id, user_id, parent_comment_id, content, created_at) VALUES (11, 2, 37, 10, 'Increase until community rather drive idea artist.', '2025-04-16 15:30:21');
INSERT INTO reactions (user_id, post_id, comment_id, reaction_type, created_at) VALUES (36, NULL, 11, 'haha', '2025-04-16 15:30:21');
INSERT INTO reactions (user_id, post_id, comment_id, reaction_type, created_at) VALUES (12, NULL, 11, 'like', '2025-04-16 15:30:21');
INSERT INTO reactions (user_id, post_id, comment_id, reaction_type, created_at) VALUES (22, NULL, 11, 'love', '2025-04-16 15:30:21');
INSERT INTO reactions (user_id, post_id, comment_id, reaction_type, created_at) VALUES (45, NULL, 11, 'sad', '2025-04-16 15:30:21');
INSERT INTO posts (id, user_id, content, media_url, is_private, created_at, updated_at) VALUES (3, 34, 'WNBA Draft winners and losers: Wings hit big with Paige Bueckers, Sedona Prince surprisingly goes undrafted - CBS Sports - The Wings were able to land a franchise-changing talent in Bueckers with the No. 1 pick', 'https://sportshub.cbsistatic.com/i/r/2025/04/15/87c62314-edc7-438c-9b32-71a982251f5b/thumbnail/1200x675/768a301934fe95ab33d5b44046a1bb36/paige-draft.png', 1, '2025-04-16 15:30:21', '2025-04-16 15:30:21');
INSERT INTO reactions (user_id, post_id, comment_id, reaction_type, created_at) VALUES (2, 3, NULL, 'haha', '2025-04-16 15:30:21');
INSERT INTO reactions (user_id, post_id, comment_id, reaction_type, created_at) VALUES (9, 3, NULL, 'sad', '2025-04-16 15:30:21');
INSERT INTO reactions (user_id, post_id, comment_id, reaction_type, created_at) VALUES (29, 3, NULL, 'love', '2025-04-16 15:30:21');
INSERT INTO reactions (user_id, post_id, comment_id, reaction_type, created_at) VALUES (47, 3, NULL, 'sad', '2025-04-16 15:30:21');
INSERT INTO reactions (user_id, post_id, comment_id, reaction_type, created_at) VALUES (49, 3, NULL, 'sad', '2025-04-16 15:30:21');
INSERT INTO comments (id, post_id, user_id, parent_comment_id, content, created_at) VALUES (12, 3, 50, NULL, 'Debate major determine professor where.', '2025-04-16 15:30:21');
INSERT INTO reactions (user_id, post_id, comment_id, reaction_type, created_at) VALUES (33, NULL, 12, 'sad', '2025-04-16 15:30:21');
INSERT INTO reactions (user_id, post_id, comment_id, reaction_type, created_at) VALUES (11, NULL, 12, 'haha', '2025-04-16 15:30:21');
INSERT INTO reactions (user_id, post_id, comment_id, reaction_type, created_at) VALUES (6, NULL, 12, 'wow', '2025-04-16 15:30:21');
INSERT INTO comments (id, post_id, user_id, parent_comment_id, content, created_at) VALUES (13, 3, 44, 12, 'Wish individual recent speech exist executive itself.', '2025-04-16 15:30:21');
INSERT INTO reactions (user_id, post_id, comment_id, reaction_type, created_at) VALUES (31, NULL, 13, 'like', '2025-04-16 15:30:21');
INSERT INTO comments (id, post_id, user_id, parent_comment_id, content, created_at) VALUES (14, 3, 29, NULL, 'Sport now south radio model understand thus.', '2025-04-16 15:30:21');
INSERT INTO reactions (user_id, post_id, comment_id, reaction_type, created_at) VALUES (27, NULL, 14, 'haha', '2025-04-16 15:30:21');
INSERT INTO reactions (user_id, post_id, comment_id, reaction_type, created_at) VALUES (21, NULL, 14, 'angry', '2025-04-16 15:30:21');
INSERT INTO reactions (user_id, post_id, comment_id, reaction_type, created_at) VALUES (9, NULL, 14, 'angry', '2025-04-16 15:30:21');
INSERT INTO reactions (user_id, post_id, comment_id, reaction_type, created_at) VALUES (41, NULL, 14, 'wow', '2025-04-16 15:30:21');
INSERT INTO reactions (user_id, post_id, comment_id, reaction_type, created_at) VALUES (22, NULL, 14, 'love', '2025-04-16 15:30:21');
INSERT INTO reactions (user_id, post_id, comment_id, reaction_type, created_at) VALUES (7, NULL, 14, 'like', '2025-04-16 15:30:21');
INSERT INTO reported_comments (id, comment_id, reported_by, reason, created_at) VALUES (1, 14, 45, 'Hate speech', '2025-04-16 15:30:21');
INSERT INTO comments (id, post_id, user_id, parent_comment_id, content, created_at) VALUES (15, 3, 9, 14, 'Seek even notice cover perform writer discussion challenge.', '2025-04-16 15:30:21');
INSERT INTO reactions (user_id, post_id, comment_id, reaction_type, created_at) VALUES (31, NULL, 15, 'sad', '2025-04-16 15:30:21');
INSERT INTO reactions (user_id, post_id, comment_id, reaction_type, created_at) VALUES (27, NULL, 15, 'haha', '2025-04-16 15:30:21');
INSERT INTO reactions (user_id, post_id, comment_id, reaction_type, created_at) VALUES (24, NULL, 15, 'like', '2025-04-16 15:30:21');
INSERT INTO reactions (user_id, post_id, comment_id, reaction_type, created_at) VALUES (23, NULL, 15, 'haha', '2025-04-16 15:30:21');
INSERT INTO comments (id, post_id, user_id, parent_comment_id, content, created_at) VALUES (16, 3, 18, NULL, 'Same whether area meeting.', '2025-04-16 15:30:21');
INSERT INTO reactions (user_id, post_id, comment_id, reaction_type, created_at) VALUES (17, NULL, 16, 'wow', '2025-04-16 15:30:21');
INSERT INTO reactions (user_id, post_id, comment_id, reaction_type, created_at) VALUES (19, NULL, 16, 'haha', '2025-04-16 15:30:21');
INSERT INTO reactions (user_id, post_id, comment_id, reaction_type, created_at) VALUES (32, NULL, 16, 'love', '2025-04-16 15:30:21');
INSERT INTO reactions (user_id, post_id, comment_id, reaction_type, created_at) VALUES (49, NULL, 16, 'love', '2025-04-16 15:30:21');
INSERT INTO reactions (user_id, post_id, comment_id, reaction_type, created_at) VALUES (19, NULL, 16, 'like', '2025-04-16 15:30:21');
INSERT INTO reactions (user_id, post_id, comment_id, reaction_type, created_at) VALUES (48, NULL, 16, 'like', '2025-04-16 15:30:21');
INSERT INTO reactions (user_id, post_id, comment_id, reaction_type, created_at) VALUES (11, NULL, 16, 'wow', '2025-04-16 15:30:21');
INSERT INTO reactions (user_id, post_id, comment_id, reaction_type, created_at) VALUES (41, NULL, 16, 'angry', '2025-04-16 15:30:21');
INSERT INTO reactions (user_id, post_id, comment_id, reaction_type, created_at) VALUES (2, NULL, 16, 'angry', '2025-04-16 15:30:21');
INSERT INTO reactions (user_id, post_id, comment_id, reaction_type, created_at) VALUES (20, NULL, 16, 'sad', '2025-04-16 15:30:21');
INSERT INTO comments (id, post_id, user_id, parent_comment_id, content, created_at) VALUES (17, 3, 43, NULL, 'Old stand very authority mind painting.', '2025-04-16 15:30:21');
INSERT INTO reactions (user_id, post_id, comment_id, reaction_type, created_at) VALUES (14, NULL, 17, 'haha', '2025-04-16 15:30:21');
INSERT INTO reactions (user_id, post_id, comment_id, reaction_type, created_at) VALUES (18, NULL, 17, 'angry', '2025-04-16 15:30:21');
INSERT INTO reported_comments (id, comment_id, reported_by, reason, created_at) VALUES (2, 17, 1, 'Hate speech', '2025-04-16 15:30:21');
INSERT INTO comments (id, post_id, user_id, parent_comment_id, content, created_at) VALUES (18, 3, 4, NULL, 'Leader moment choose authority get.', '2025-04-16 15:30:21');
INSERT INTO reactions (user_id, post_id, comment_id, reaction_type, created_at) VALUES (7, NULL, 18, 'angry', '2025-04-16 15:30:21');
INSERT INTO reactions (user_id, post_id, comment_id, reaction_type, created_at) VALUES (11, NULL, 18, 'wow', '2025-04-16 15:30:21');
INSERT INTO reactions (user_id, post_id, comment_id, reaction_type, created_at) VALUES (8, NULL, 18, 'haha', '2025-04-16 15:30:21');
INSERT INTO reactions (user_id, post_id, comment_id, reaction_type, created_at) VALUES (45, NULL, 18, 'love', '2025-04-16 15:30:21');
INSERT INTO reactions (user_id, post_id, comment_id, reaction_type, created_at) VALUES (25, NULL, 18, 'like', '2025-04-16 15:30:21');
INSERT INTO reactions (user_id, post_id, comment_id, reaction_type, created_at) VALUES (7, NULL, 18, 'like', '2025-04-16 15:30:21');
INSERT INTO comments (id, post_id, user_id, parent_comment_id, content, created_at) VALUES (19, 3, 7, NULL, 'Huge your parent poor worker.', '2025-04-16 15:30:21');
INSERT INTO reactions (user_id, post_id, comment_id, reaction_type, created_at) VALUES (28, NULL, 19, 'haha', '2025-04-16 15:30:21');
INSERT INTO reactions (user_id, post_id, comment_id, reaction_type, created_at) VALUES (10, NULL, 19, 'wow', '2025-04-16 15:30:21');
INSERT INTO reactions (user_id, post_id, comment_id, reaction_type, created_at) VALUES (42, NULL, 19, 'angry', '2025-04-16 15:30:21');
INSERT INTO reactions (user_id, post_id, comment_id, reaction_type, created_at) VALUES (11, NULL, 19, 'sad', '2025-04-16 15:30:21');
INSERT INTO reactions (user_id, post_id, comment_id, reaction_type, created_at) VALUES (38, NULL, 19, 'like', '2025-04-16 15:30:21');
INSERT INTO reactions (user_id, post_id, comment_id, reaction_type, created_at) VALUES (47, NULL, 19, 'haha', '2025-04-16 15:30:21');
INSERT INTO reactions (user_id, post_id, comment_id, reaction_type, created_at) VALUES (30, NULL, 19, 'love', '2025-04-16 15:30:21');
INSERT INTO reactions (user_id, post_id, comment_id, reaction_type, created_at) VALUES (7, NULL, 19, 'love', '2025-04-16 15:30:21');
INSERT INTO comments (id, post_id, user_id, parent_comment_id, content, created_at) VALUES (20, 3, 18, NULL, 'Eat space gun tend woman nature.', '2025-04-16 15:30:21');
INSERT INTO reactions (user_id, post_id, comment_id, reaction_type, created_at) VALUES (3, NULL, 20, 'haha', '2025-04-16 15:30:21');
INSERT INTO posts (id, user_id, content, media_url, is_private, created_at, updated_at) VALUES (4, 20, 'Tehran says next round of Iran-US nuclear talks in Oman after Rome named by officials - AP News - Talks between Iran and the United States over Tehran’s rapidly advancing nuclear program had appeared ready to leave the Middle East, as an Italian source and others said the next round of negotiations would take place in Rome. However, Iran early Tuesday ins…', 'https://dims.apnews.com/dims4/default/10e612c/2147483647/strip/true/crop/3000x1688+0+156/resize/1440x810!/quality/90/?url=https%3A%2F%2Fassets.apnews.com%2F2f%2F6c%2F6b0926d74b7f3b46c797a3c00f77%2F2c0db1dcce4d4e049345e370ba1c2e53', 0, '2025-04-16 15:30:21', '2025-04-16 15:30:21');
INSERT INTO reactions (user_id, post_id, comment_id, reaction_type, created_at) VALUES (2, 4, NULL, 'angry', '2025-04-16 15:30:21');
INSERT INTO comments (id, post_id, user_id, parent_comment_id, content, created_at) VALUES (21, 4, 16, NULL, 'Identify local turn public second.', '2025-04-16 15:30:21');
INSERT INTO reactions (user_id, post_id, comment_id, reaction_type, created_at) VALUES (25, NULL, 21, 'haha', '2025-04-16 15:30:21');
INSERT INTO reactions (user_id, post_id, comment_id, reaction_type, created_at) VALUES (48, NULL, 21, 'love', '2025-04-16 15:30:21');
INSERT INTO reactions (user_id, post_id, comment_id, reaction_type, created_at) VALUES (10, NULL, 21, 'angry', '2025-04-16 15:30:21');
INSERT INTO reactions (user_id, post_id, comment_id, reaction_type, created_at) VALUES (42, NULL, 21, 'sad', '2025-04-16 15:30:21');
INSERT INTO reactions (user_id, post_id, comment_id, reaction_type, created_at) VALUES (50, NULL, 21, 'haha', '2025-04-16 15:30:21');
INSERT INTO reactions (user_id, post_id, comment_id, reaction_type, created_at) VALUES (39, NULL, 21, 'wow', '2025-04-16 15:30:21');
INSERT INTO reactions (user_id, post_id, comment_id, reaction_type, created_at) VALUES (15, NULL, 21, 'love', '2025-04-16 15:30:21');
INSERT INTO reactions (user_id, post_id, comment_id, reaction_type, created_at) VALUES (17, NULL, 21, 'like', '2025-04-16 15:30:21');
INSERT INTO reactions (user_id, post_id, comment_id, reaction_type, created_at) VALUES (42, NULL, 21, 'love', '2025-04-16 15:30:21');
INSERT INTO reactions (user_id, post_id, comment_id, reaction_type, created_at) VALUES (24, NULL, 21, 'haha', '2025-04-16 15:30:21');
INSERT INTO comments (id, post_id, user_id, parent_comment_id, content, created_at) VALUES (22, 4, 1, 21, 'Skill parent sit direction.', '2025-04-16 15:30:21');
INSERT INTO reactions (user_id, post_id, comment_id, reaction_type, created_at) VALUES (38, NULL, 22, 'angry', '2025-04-16 15:30:21');
INSERT INTO posts (id, user_id, content, media_url, is_private, created_at, updated_at) VALUES (5, 42, 'Bukele rejects returning Maryland man Trump officials mistakenly deported - The Washington Post - El Salvador’s president says it would be “preposterous” to return Kilmar Abrego García. Trump also floated deporting criminal U.S. citizens to El Salvador.', 'https://www.washingtonpost.com/wp-apps/imrs.php?src=https://arc-anglerfish-washpost-prod-washpost.s3.amazonaws.com/public/4AMIYSEBPFYQ75KT7S47FPY4KE_size-normalized.JPG&w=1440', 0, '2025-04-16 15:30:21', '2025-04-16 15:30:21');
INSERT INTO reactions (user_id, post_id, comment_id, reaction_type, created_at) VALUES (42, 5, NULL, 'haha', '2025-04-16 15:30:21');
INSERT INTO reactions (user_id, post_id, comment_id, reaction_type, created_at) VALUES (32, 5, NULL, 'haha', '2025-04-16 15:30:21');
INSERT INTO reactions (user_id, post_id, comment_id, reaction_type, created_at) VALUES (41, 5, NULL, 'sad', '2025-04-16 15:30:21');
INSERT INTO reactions (user_id, post_id, comment_id, reaction_type, created_at) VALUES (41, 5, NULL, 'wow', '2025-04-16 15:30:21');
INSERT INTO reactions (user_id, post_id, comment_id, reaction_type, created_at) VALUES (11, 5, NULL, 'wow', '2025-04-16 15:30:21');
INSERT INTO reactions (user_id, post_id, comment_id, reaction_type, created_at) VALUES (44, 5, NULL, 'like', '2025-04-16 15:30:21');
INSERT INTO reactions (user_id, post_id, comment_id, reaction_type, created_at) VALUES (50, 5, NULL, 'like', '2025-04-16 15:30:21');
INSERT INTO comments (id, post_id, user_id, parent_comment_id, content, created_at) VALUES (23, 5, 25, NULL, 'Take will make rather information herself.', '2025-04-16 15:30:21');
INSERT INTO reactions (user_id, post_id, comment_id, reaction_type, created_at) VALUES (20, NULL, 23, 'wow', '2025-04-16 15:30:21');
INSERT INTO reactions (user_id, post_id, comment_id, reaction_type, created_at) VALUES (6, NULL, 23, 'like', '2025-04-16 15:30:21');
INSERT INTO comments (id, post_id, user_id, parent_comment_id, content, created_at) VALUES (24, 5, 33, NULL, 'Short floor within left ago pressure.', '2025-04-16 15:30:21');
INSERT INTO reactions (user_id, post_id, comment_id, reaction_type, created_at) VALUES (13, NULL, 24, 'sad', '2025-04-16 15:30:21');
INSERT INTO reactions (user_id, post_id, comment_id, reaction_type, created_at) VALUES (24, NULL, 24, 'love', '2025-04-16 15:30:21');
INSERT INTO reactions (user_id, post_id, comment_id, reaction_type, created_at) VALUES (47, NULL, 24, 'love', '2025-04-16 15:30:21');
INSERT INTO reactions (user_id, post_id, comment_id, reaction_type, created_at) VALUES (43, NULL, 24, 'love', '2025-04-16 15:30:21');
INSERT INTO reactions (user_id, post_id, comment_id, reaction_type, created_at) VALUES (45, NULL, 24, 'like', '2025-04-16 15:30:21');
INSERT INTO reactions (user_id, post_id, comment_id, reaction_type, created_at) VALUES (27, NULL, 24, 'haha', '2025-04-16 15:30:21');
INSERT INTO comments (id, post_id, user_id, parent_comment_id, content, created_at) VALUES (25, 5, 4, NULL, 'Sit certainly resource technology child more.', '2025-04-16 15:30:21');
INSERT INTO reactions (user_id, post_id, comment_id, reaction_type, created_at) VALUES (9, NULL, 25, 'sad', '2025-04-16 15:30:21');
INSERT INTO reactions (user_id, post_id, comment_id, reaction_type, created_at) VALUES (2, NULL, 25, 'angry', '2025-04-16 15:30:21');
INSERT INTO reactions (user_id, post_id, comment_id, reaction_type, created_at) VALUES (2, NULL, 25, 'haha', '2025-04-16 15:30:21');
INSERT INTO reactions (user_id, post_id, comment_id, reaction_type, created_at) VALUES (12, NULL, 25, 'sad', '2025-04-16 15:30:21');
INSERT INTO reactions (user_id, post_id, comment_id, reaction_type, created_at) VALUES (32, NULL, 25, 'like', '2025-04-16 15:30:21');
INSERT INTO reactions (user_id, post_id, comment_id, reaction_type, created_at) VALUES (12, NULL, 25, 'sad', '2025-04-16 15:30:21');
INSERT INTO reactions (user_id, post_id, comment_id, reaction_type, created_at) VALUES (8, NULL, 25, 'love', '2025-04-16 15:30:21');
INSERT INTO reactions (user_id, post_id, comment_id, reaction_type, created_at) VALUES (19, NULL, 25, 'angry', '2025-04-16 15:30:21');
INSERT INTO posts (id, user_id, content, media_url, is_private, created_at, updated_at) VALUES (6, 34, 'Stock Market Today: Dow Futures Slip; Trump Hints at Tariff Relief for Automakers — Live Updates - WSJ - No Content', 'None', 0, '2025-04-16 15:30:21', '2025-04-16 15:30:21');
INSERT INTO reactions (user_id, post_id, comment_id, reaction_type, created_at) VALUES (11, 6, NULL, 'love', '2025-04-16 15:30:21');
INSERT INTO reactions (user_id, post_id, comment_id, reaction_type, created_at) VALUES (7, 6, NULL, 'like', '2025-04-16 15:30:21');
INSERT INTO reactions (user_id, post_id, comment_id, reaction_type, created_at) VALUES (8, 6, NULL, 'sad', '2025-04-16 15:30:21');
INSERT INTO reactions (user_id, post_id, comment_id, reaction_type, created_at) VALUES (40, 6, NULL, 'love', '2025-04-16 15:30:21');
INSERT INTO reactions (user_id, post_id, comment_id, reaction_type, created_at) VALUES (37, 6, NULL, 'angry', '2025-04-16 15:30:21');
INSERT INTO comments (id, post_id, user_id, parent_comment_id, content, created_at) VALUES (26, 6, 18, NULL, 'Growth major have against.', '2025-04-16 15:30:21');
INSERT INTO reactions (user_id, post_id, comment_id, reaction_type, created_at) VALUES (49, NULL, 26, 'like', '2025-04-16 15:30:21');
INSERT INTO reactions (user_id, post_id, comment_id, reaction_type, created_at) VALUES (20, NULL, 26, 'angry', '2025-04-16 15:30:21');
INSERT INTO reactions (user_id, post_id, comment_id, reaction_type, created_at) VALUES (15, NULL, 26, 'like', '2025-04-16 15:30:21');
INSERT INTO reactions (user_id, post_id, comment_id, reaction_type, created_at) VALUES (24, NULL, 26, 'angry', '2025-04-16 15:30:21');
INSERT INTO reactions (user_id, post_id, comment_id, reaction_type, created_at) VALUES (26, NULL, 26, 'angry', '2025-04-16 15:30:21');
INSERT INTO reactions (user_id, post_id, comment_id, reaction_type, created_at) VALUES (11, NULL, 26, 'angry', '2025-04-16 15:30:21');
INSERT INTO reactions (user_id, post_id, comment_id, reaction_type, created_at) VALUES (8, NULL, 26, 'love', '2025-04-16 15:30:21');
INSERT INTO comments (id, post_id, user_id, parent_comment_id, content, created_at) VALUES (27, 6, 25, NULL, 'Decade their difficult politics suggest throw.', '2025-04-16 15:30:21');
INSERT INTO reactions (user_id, post_id, comment_id, reaction_type, created_at) VALUES (15, NULL, 27, 'love', '2025-04-16 15:30:21');
INSERT INTO reactions (user_id, post_id, comment_id, reaction_type, created_at) VALUES (6, NULL, 27, 'wow', '2025-04-16 15:30:21');
INSERT INTO reactions (user_id, post_id, comment_id, reaction_type, created_at) VALUES (16, NULL, 27, 'wow', '2025-04-16 15:30:21');
INSERT INTO reactions (user_id, post_id, comment_id, reaction_type, created_at) VALUES (11, NULL, 27, 'haha', '2025-04-16 15:30:21');
INSERT INTO reactions (user_id, post_id, comment_id, reaction_type, created_at) VALUES (43, NULL, 27, 'like', '2025-04-16 15:30:21');
INSERT INTO reactions (user_id, post_id, comment_id, reaction_type, created_at) VALUES (12, NULL, 27, 'wow', '2025-04-16 15:30:21');
INSERT INTO reactions (user_id, post_id, comment_id, reaction_type, created_at) VALUES (11, NULL, 27, 'sad', '2025-04-16 15:30:21');
INSERT INTO reactions (user_id, post_id, comment_id, reaction_type, created_at) VALUES (13, NULL, 27, 'love', '2025-04-16 15:30:21');
INSERT INTO reactions (user_id, post_id, comment_id, reaction_type, created_at) VALUES (17, NULL, 27, 'angry', '2025-04-16 15:30:21');
INSERT INTO reactions (user_id, post_id, comment_id, reaction_type, created_at) VALUES (12, NULL, 27, 'haha', '2025-04-16 15:30:21');
INSERT INTO comments (id, post_id, user_id, parent_comment_id, content, created_at) VALUES (28, 6, 4, 27, 'Major this worry short paper it know.', '2025-04-16 15:30:21');
INSERT INTO reactions (user_id, post_id, comment_id, reaction_type, created_at) VALUES (45, NULL, 28, 'angry', '2025-04-16 15:30:21');
INSERT INTO reactions (user_id, post_id, comment_id, reaction_type, created_at) VALUES (48, NULL, 28, 'sad', '2025-04-16 15:30:21');
INSERT INTO comments (id, post_id, user_id, parent_comment_id, content, created_at) VALUES (29, 6, 6, NULL, 'Contain impact lead exist site tell.', '2025-04-16 15:30:21');
INSERT INTO reactions (user_id, post_id, comment_id, reaction_type, created_at) VALUES (24, NULL, 29, 'angry', '2025-04-16 15:30:21');
INSERT INTO reactions (user_id, post_id, comment_id, reaction_type, created_at) VALUES (43, NULL, 29, 'wow', '2025-04-16 15:30:21');
INSERT INTO reactions (user_id, post_id, comment_id, reaction_type, created_at) VALUES (45, NULL, 29, 'wow', '2025-04-16 15:30:21');
INSERT INTO reactions (user_id, post_id, comment_id, reaction_type, created_at) VALUES (28, NULL, 29, 'like', '2025-04-16 15:30:21');
INSERT INTO reactions (user_id, post_id, comment_id, reaction_type, created_at) VALUES (50, NULL, 29, 'sad', '2025-04-16 15:30:21');
INSERT INTO reactions (user_id, post_id, comment_id, reaction_type, created_at) VALUES (16, NULL, 29, 'wow', '2025-04-16 15:30:21');
INSERT INTO reactions (user_id, post_id, comment_id, reaction_type, created_at) VALUES (31, NULL, 29, 'angry', '2025-04-16 15:30:21');
INSERT INTO comments (id, post_id, user_id, parent_comment_id, content, created_at) VALUES (30, 6, 36, NULL, 'Improve shoulder kid exactly.', '2025-04-16 15:30:21');
INSERT INTO reactions (user_id, post_id, comment_id, reaction_type, created_at) VALUES (24, NULL, 30, 'angry', '2025-04-16 15:30:21');
INSERT INTO reactions (user_id, post_id, comment_id, reaction_type, created_at) VALUES (7, NULL, 30, 'angry', '2025-04-16 15:30:21');
INSERT INTO reactions (user_id, post_id, comment_id, reaction_type, created_at) VALUES (19, NULL, 30, 'like', '2025-04-16 15:30:21');
INSERT INTO reactions (user_id, post_id, comment_id, reaction_type, created_at) VALUES (22, NULL, 30, 'haha', '2025-04-16 15:30:21');
INSERT INTO comments (id, post_id, user_id, parent_comment_id, content, created_at) VALUES (31, 6, 41, NULL, 'Forward low born why pressure.', '2025-04-16 15:30:21');
INSERT INTO reactions (user_id, post_id, comment_id, reaction_type, created_at) VALUES (20, NULL, 31, 'sad', '2025-04-16 15:30:21');
INSERT INTO reactions (user_id, post_id, comment_id, reaction_type, created_at) VALUES (26, NULL, 31, 'like', '2025-04-16 15:30:21');
INSERT INTO reactions (user_id, post_id, comment_id, reaction_type, created_at) VALUES (25, NULL, 31, 'like', '2025-04-16 15:30:21');
INSERT INTO reactions (user_id, post_id, comment_id, reaction_type, created_at) VALUES (29, NULL, 31, 'angry', '2025-04-16 15:30:21');
INSERT INTO reactions (user_id, post_id, comment_id, reaction_type, created_at) VALUES (17, NULL, 31, 'like', '2025-04-16 15:30:21');
INSERT INTO reactions (user_id, post_id, comment_id, reaction_type, created_at) VALUES (18, NULL, 31, 'haha', '2025-04-16 15:30:21');
INSERT INTO reported_comments (id, comment_id, reported_by, reason, created_at) VALUES (3, 31, 6, 'Other', '2025-04-16 15:30:21');
INSERT INTO comments (id, post_id, user_id, parent_comment_id, content, created_at) VALUES (32, 6, 22, NULL, 'More black trip hope.', '2025-04-16 15:30:21');
INSERT INTO reactions (user_id, post_id, comment_id, reaction_type, created_at) VALUES (4, NULL, 32, 'sad', '2025-04-16 15:30:21');
INSERT INTO reactions (user_id, post_id, comment_id, reaction_type, created_at) VALUES (16, NULL, 32, 'wow', '2025-04-16 15:30:21');
INSERT INTO comments (id, post_id, user_id, parent_comment_id, content, created_at) VALUES (33, 6, 6, NULL, 'Too drive leave order ability purpose.', '2025-04-16 15:30:21');
INSERT INTO reactions (user_id, post_id, comment_id, reaction_type, created_at) VALUES (31, NULL, 33, 'angry', '2025-04-16 15:30:21');
INSERT INTO reactions (user_id, post_id, comment_id, reaction_type, created_at) VALUES (10, NULL, 33, 'love', '2025-04-16 15:30:21');
INSERT INTO reactions (user_id, post_id, comment_id, reaction_type, created_at) VALUES (50, NULL, 33, 'haha', '2025-04-16 15:30:21');
INSERT INTO reactions (user_id, post_id, comment_id, reaction_type, created_at) VALUES (32, NULL, 33, 'sad', '2025-04-16 15:30:21');
INSERT INTO reactions (user_id, post_id, comment_id, reaction_type, created_at) VALUES (23, NULL, 33, 'like', '2025-04-16 15:30:21');
INSERT INTO reactions (user_id, post_id, comment_id, reaction_type, created_at) VALUES (15, NULL, 33, 'haha', '2025-04-16 15:30:21');
INSERT INTO reactions (user_id, post_id, comment_id, reaction_type, created_at) VALUES (39, NULL, 33, 'haha', '2025-04-16 15:30:21');
INSERT INTO comments (id, post_id, user_id, parent_comment_id, content, created_at) VALUES (34, 6, 18, NULL, 'Find paper next tonight likely power idea.', '2025-04-16 15:30:21');
INSERT INTO reactions (user_id, post_id, comment_id, reaction_type, created_at) VALUES (48, NULL, 34, 'love', '2025-04-16 15:30:21');
INSERT INTO posts (id, user_id, content, media_url, is_private, created_at, updated_at) VALUES (7, 35, 'Column | Inside the Blue Origin flight: Tears and a Katy Perry performance - The Washington Post - The all-women Blue Origin rocket launch, including passengers Gayle King and Katy Perry, briefly entered space on Monday. What does that mean for the rest of us?', 'https://www.washingtonpost.com/wp-apps/imrs.php?src=https://arc-anglerfish-washpost-prod-washpost.s3.amazonaws.com/public/4QIIDVOI4V4EIJQMDRPHJNHOI4.JPG&w=1440', 1, '2025-04-16 15:30:21', '2025-04-16 15:30:21');
INSERT INTO reactions (user_id, post_id, comment_id, reaction_type, created_at) VALUES (35, 7, NULL, 'angry', '2025-04-16 15:30:21');
INSERT INTO reactions (user_id, post_id, comment_id, reaction_type, created_at) VALUES (9, 7, NULL, 'angry', '2025-04-16 15:30:21');
INSERT INTO reactions (user_id, post_id, comment_id, reaction_type, created_at) VALUES (3, 7, NULL, 'like', '2025-04-16 15:30:21');
INSERT INTO reactions (user_id, post_id, comment_id, reaction_type, created_at) VALUES (47, 7, NULL, 'sad', '2025-04-16 15:30:21');
INSERT INTO reactions (user_id, post_id, comment_id, reaction_type, created_at) VALUES (1, 7, NULL, 'haha', '2025-04-16 15:30:21');
INSERT INTO reactions (user_id, post_id, comment_id, reaction_type, created_at) VALUES (46, 7, NULL, 'haha', '2025-04-16 15:30:21');
INSERT INTO reactions (user_id, post_id, comment_id, reaction_type, created_at) VALUES (50, 7, NULL, 'love', '2025-04-16 15:30:21');
INSERT INTO comments (id, post_id, user_id, parent_comment_id, content, created_at) VALUES (35, 7, 27, NULL, 'Rich gas serious personal customer space Congress happen.', '2025-04-16 15:30:21');
INSERT INTO reactions (user_id, post_id, comment_id, reaction_type, created_at) VALUES (39, NULL, 35, 'like', '2025-04-16 15:30:21');
INSERT INTO reactions (user_id, post_id, comment_id, reaction_type, created_at) VALUES (5, NULL, 35, 'sad', '2025-04-16 15:30:21');
INSERT INTO reported_comments (id, comment_id, reported_by, reason, created_at) VALUES (4, 35, 37, 'False information', '2025-04-16 15:30:21');
INSERT INTO comments (id, post_id, user_id, parent_comment_id, content, created_at) VALUES (36, 7, 12, NULL, 'Sell when other tonight real physical.', '2025-04-16 15:30:21');
INSERT INTO reactions (user_id, post_id, comment_id, reaction_type, created_at) VALUES (46, NULL, 36, 'sad', '2025-04-16 15:30:21');
INSERT INTO reactions (user_id, post_id, comment_id, reaction_type, created_at) VALUES (25, NULL, 36, 'like', '2025-04-16 15:30:21');
INSERT INTO reactions (user_id, post_id, comment_id, reaction_type, created_at) VALUES (44, NULL, 36, 'sad', '2025-04-16 15:30:21');
INSERT INTO reactions (user_id, post_id, comment_id, reaction_type, created_at) VALUES (23, NULL, 36, 'sad', '2025-04-16 15:30:21');
INSERT INTO reactions (user_id, post_id, comment_id, reaction_type, created_at) VALUES (42, NULL, 36, 'haha', '2025-04-16 15:30:21');
INSERT INTO reactions (user_id, post_id, comment_id, reaction_type, created_at) VALUES (32, NULL, 36, 'wow', '2025-04-16 15:30:21');
INSERT INTO reactions (user_id, post_id, comment_id, reaction_type, created_at) VALUES (24, NULL, 36, 'sad', '2025-04-16 15:30:21');
INSERT INTO reactions (user_id, post_id, comment_id, reaction_type, created_at) VALUES (24, NULL, 36, 'angry', '2025-04-16 15:30:21');
INSERT INTO reactions (user_id, post_id, comment_id, reaction_type, created_at) VALUES (6, NULL, 36, 'wow', '2025-04-16 15:30:21');
INSERT INTO comments (id, post_id, user_id, parent_comment_id, content, created_at) VALUES (37, 7, 14, 36, 'Budget whom bill though.', '2025-04-16 15:30:21');
INSERT INTO reactions (user_id, post_id, comment_id, reaction_type, created_at) VALUES (31, NULL, 37, 'haha', '2025-04-16 15:30:21');
INSERT INTO reactions (user_id, post_id, comment_id, reaction_type, created_at) VALUES (48, NULL, 37, 'angry', '2025-04-16 15:30:21');
INSERT INTO reactions (user_id, post_id, comment_id, reaction_type, created_at) VALUES (12, NULL, 37, 'haha', '2025-04-16 15:30:21');
INSERT INTO reactions (user_id, post_id, comment_id, reaction_type, created_at) VALUES (36, NULL, 37, 'wow', '2025-04-16 15:30:21');
INSERT INTO reactions (user_id, post_id, comment_id, reaction_type, created_at) VALUES (25, NULL, 37, 'angry', '2025-04-16 15:30:21');
INSERT INTO comments (id, post_id, user_id, parent_comment_id, content, created_at) VALUES (38, 7, 42, NULL, 'Front only range population game remember pressure.', '2025-04-16 15:30:21');
INSERT INTO reactions (user_id, post_id, comment_id, reaction_type, created_at) VALUES (47, NULL, 38, 'love', '2025-04-16 15:30:21');
INSERT INTO reactions (user_id, post_id, comment_id, reaction_type, created_at) VALUES (24, NULL, 38, 'wow', '2025-04-16 15:30:21');
INSERT INTO reactions (user_id, post_id, comment_id, reaction_type, created_at) VALUES (33, NULL, 38, 'sad', '2025-04-16 15:30:21');
INSERT INTO reactions (user_id, post_id, comment_id, reaction_type, created_at) VALUES (43, NULL, 38, 'haha', '2025-04-16 15:30:21');
INSERT INTO comments (id, post_id, user_id, parent_comment_id, content, created_at) VALUES (39, 7, 1, NULL, 'Bad prepare space time science report carry.', '2025-04-16 15:30:21');
INSERT INTO reactions (user_id, post_id, comment_id, reaction_type, created_at) VALUES (49, NULL, 39, 'like', '2025-04-16 15:30:21');
INSERT INTO reactions (user_id, post_id, comment_id, reaction_type, created_at) VALUES (16, NULL, 39, 'haha', '2025-04-16 15:30:21');
INSERT INTO reactions (user_id, post_id, comment_id, reaction_type, created_at) VALUES (6, NULL, 39, 'haha', '2025-04-16 15:30:21');
INSERT INTO reactions (user_id, post_id, comment_id, reaction_type, created_at) VALUES (44, NULL, 39, 'haha', '2025-04-16 15:30:21');
INSERT INTO comments (id, post_id, user_id, parent_comment_id, content, created_at) VALUES (40, 7, 23, NULL, 'Son pass choose.', '2025-04-16 15:30:21');
INSERT INTO reactions (user_id, post_id, comment_id, reaction_type, created_at) VALUES (43, NULL, 40, 'love', '2025-04-16 15:30:21');
INSERT INTO reactions (user_id, post_id, comment_id, reaction_type, created_at) VALUES (22, NULL, 40, 'wow', '2025-04-16 15:30:21');
INSERT INTO reactions (user_id, post_id, comment_id, reaction_type, created_at) VALUES (36, NULL, 40, 'haha', '2025-04-16 15:30:21');
INSERT INTO comments (id, post_id, user_id, parent_comment_id, content, created_at) VALUES (41, 7, 49, NULL, 'However media trip bank data nothing first.', '2025-04-16 15:30:21');
INSERT INTO reactions (user_id, post_id, comment_id, reaction_type, created_at) VALUES (34, NULL, 41, 'sad', '2025-04-16 15:30:21');
INSERT INTO reactions (user_id, post_id, comment_id, reaction_type, created_at) VALUES (15, NULL, 41, 'like', '2025-04-16 15:30:21');
INSERT INTO reactions (user_id, post_id, comment_id, reaction_type, created_at) VALUES (24, NULL, 41, 'love', '2025-04-16 15:30:21');
INSERT INTO reactions (user_id, post_id, comment_id, reaction_type, created_at) VALUES (43, NULL, 41, 'haha', '2025-04-16 15:30:21');
INSERT INTO comments (id, post_id, user_id, parent_comment_id, content, created_at) VALUES (42, 7, 35, NULL, 'Entire trade leave us capital rate imagine.', '2025-04-16 15:30:21');
INSERT INTO reactions (user_id, post_id, comment_id, reaction_type, created_at) VALUES (28, NULL, 42, 'like', '2025-04-16 15:30:21');
INSERT INTO reactions (user_id, post_id, comment_id, reaction_type, created_at) VALUES (41, NULL, 42, 'wow', '2025-04-16 15:30:21');
INSERT INTO reactions (user_id, post_id, comment_id, reaction_type, created_at) VALUES (29, NULL, 42, 'like', '2025-04-16 15:30:21');
INSERT INTO reactions (user_id, post_id, comment_id, reaction_type, created_at) VALUES (26, NULL, 42, 'haha', '2025-04-16 15:30:21');
INSERT INTO reactions (user_id, post_id, comment_id, reaction_type, created_at) VALUES (29, NULL, 42, 'wow', '2025-04-16 15:30:21');
INSERT INTO reactions (user_id, post_id, comment_id, reaction_type, created_at) VALUES (35, NULL, 42, 'sad', '2025-04-16 15:30:21');
INSERT INTO reactions (user_id, post_id, comment_id, reaction_type, created_at) VALUES (17, NULL, 42, 'angry', '2025-04-16 15:30:21');
INSERT INTO reactions (user_id, post_id, comment_id, reaction_type, created_at) VALUES (18, NULL, 42, 'wow', '2025-04-16 15:30:21');
INSERT INTO reactions (user_id, post_id, comment_id, reaction_type, created_at) VALUES (32, NULL, 42, 'haha', '2025-04-16 15:30:21');
INSERT INTO posts (id, user_id, content, media_url, is_private, created_at, updated_at) VALUES (8, 2, 'Elephants at San Diego safari park huddle to protect calves during earthquake - AP News - At the San Diego Zoo Safari Park, a herd of African elephants was caught on video running over to protect their young by encircling them during a 5.2 magnitude earthquake. The elephants run as the video from the Southern California park starts to shake and th…', 'https://dims.apnews.com/dims4/default/56fe6b5/2147483647/strip/true/crop/2154x1212+0+112/resize/1440x810!/quality/90/?url=https%3A%2F%2Fassets.apnews.com%2F78%2F39%2F9fe62c3bdc0108cac19c989727d9%2F6fcff387fc1e4490bfb502850cdd17fd', 1, '2025-04-16 15:30:21', '2025-04-16 15:30:21');
INSERT INTO reactions (user_id, post_id, comment_id, reaction_type, created_at) VALUES (24, 8, NULL, 'like', '2025-04-16 15:30:21');
INSERT INTO reactions (user_id, post_id, comment_id, reaction_type, created_at) VALUES (11, 8, NULL, 'haha', '2025-04-16 15:30:21');
INSERT INTO reactions (user_id, post_id, comment_id, reaction_type, created_at) VALUES (10, 8, NULL, 'haha', '2025-04-16 15:30:21');
INSERT INTO reactions (user_id, post_id, comment_id, reaction_type, created_at) VALUES (34, 8, NULL, 'sad', '2025-04-16 15:30:21');
INSERT INTO reactions (user_id, post_id, comment_id, reaction_type, created_at) VALUES (15, 8, NULL, 'sad', '2025-04-16 15:30:21');
INSERT INTO reactions (user_id, post_id, comment_id, reaction_type, created_at) VALUES (21, 8, NULL, 'haha', '2025-04-16 15:30:21');
INSERT INTO reactions (user_id, post_id, comment_id, reaction_type, created_at) VALUES (13, 8, NULL, 'sad', '2025-04-16 15:30:21');
INSERT INTO reactions (user_id, post_id, comment_id, reaction_type, created_at) VALUES (9, 8, NULL, 'wow', '2025-04-16 15:30:21');
INSERT INTO comments (id, post_id, user_id, parent_comment_id, content, created_at) VALUES (43, 8, 21, NULL, 'Company respond meeting program support responsibility seem wall.', '2025-04-16 15:30:21');
INSERT INTO reactions (user_id, post_id, comment_id, reaction_type, created_at) VALUES (43, NULL, 43, 'sad', '2025-04-16 15:30:21');
INSERT INTO reactions (user_id, post_id, comment_id, reaction_type, created_at) VALUES (25, NULL, 43, 'wow', '2025-04-16 15:30:21');
INSERT INTO reactions (user_id, post_id, comment_id, reaction_type, created_at) VALUES (42, NULL, 43, 'like', '2025-04-16 15:30:21');
INSERT INTO reactions (user_id, post_id, comment_id, reaction_type, created_at) VALUES (8, NULL, 43, 'like', '2025-04-16 15:30:21');
INSERT INTO reported_comments (id, comment_id, reported_by, reason, created_at) VALUES (5, 43, 29, 'Hate speech', '2025-04-16 15:30:21');
INSERT INTO comments (id, post_id, user_id, parent_comment_id, content, created_at) VALUES (44, 8, 34, NULL, 'Senior cause agree thing plan friend.', '2025-04-16 15:30:21');
INSERT INTO reactions (user_id, post_id, comment_id, reaction_type, created_at) VALUES (44, NULL, 44, 'wow', '2025-04-16 15:30:21');
INSERT INTO reactions (user_id, post_id, comment_id, reaction_type, created_at) VALUES (44, NULL, 44, 'love', '2025-04-16 15:30:21');
INSERT INTO reactions (user_id, post_id, comment_id, reaction_type, created_at) VALUES (46, NULL, 44, 'love', '2025-04-16 15:30:21');
INSERT INTO comments (id, post_id, user_id, parent_comment_id, content, created_at) VALUES (45, 8, 27, NULL, 'Six enough together number question herself.', '2025-04-16 15:30:21');
INSERT INTO reactions (user_id, post_id, comment_id, reaction_type, created_at) VALUES (20, NULL, 45, 'angry', '2025-04-16 15:30:21');
INSERT INTO reactions (user_id, post_id, comment_id, reaction_type, created_at) VALUES (35, NULL, 45, 'haha', '2025-04-16 15:30:21');
INSERT INTO reactions (user_id, post_id, comment_id, reaction_type, created_at) VALUES (5, NULL, 45, 'wow', '2025-04-16 15:30:21');
INSERT INTO reactions (user_id, post_id, comment_id, reaction_type, created_at) VALUES (21, NULL, 45, 'haha', '2025-04-16 15:30:21');
INSERT INTO comments (id, post_id, user_id, parent_comment_id, content, created_at) VALUES (46, 8, 2, NULL, 'Name after shoulder take easy occur nation idea.', '2025-04-16 15:30:21');
INSERT INTO reactions (user_id, post_id, comment_id, reaction_type, created_at) VALUES (9, NULL, 46, 'sad', '2025-04-16 15:30:21');
INSERT INTO reactions (user_id, post_id, comment_id, reaction_type, created_at) VALUES (3, NULL, 46, 'like', '2025-04-16 15:30:21');
INSERT INTO reported_comments (id, comment_id, reported_by, reason, created_at) VALUES (6, 46, 38, 'Violence', '2025-04-16 15:30:21');
INSERT INTO comments (id, post_id, user_id, parent_comment_id, content, created_at) VALUES (47, 8, 15, 46, 'Pm read improve show.', '2025-04-16 15:30:21');
INSERT INTO reactions (user_id, post_id, comment_id, reaction_type, created_at) VALUES (32, NULL, 47, 'wow', '2025-04-16 15:30:21');
INSERT INTO reactions (user_id, post_id, comment_id, reaction_type, created_at) VALUES (17, NULL, 47, 'like', '2025-04-16 15:30:21');
INSERT INTO reactions (user_id, post_id, comment_id, reaction_type, created_at) VALUES (41, NULL, 47, 'love', '2025-04-16 15:30:21');
INSERT INTO reported_comments (id, comment_id, reported_by, reason, created_at) VALUES (7, 47, 32, 'Hate speech', '2025-04-16 15:30:21');
INSERT INTO comments (id, post_id, user_id, parent_comment_id, content, created_at) VALUES (48, 8, 9, 47, 'Contain gas teach cultural.', '2025-04-16 15:30:21');
INSERT INTO reactions (user_id, post_id, comment_id, reaction_type, created_at) VALUES (12, NULL, 48, 'angry', '2025-04-16 15:30:21');
INSERT INTO reactions (user_id, post_id, comment_id, reaction_type, created_at) VALUES (26, NULL, 48, 'haha', '2025-04-16 15:30:21');
INSERT INTO reactions (user_id, post_id, comment_id, reaction_type, created_at) VALUES (50, NULL, 48, 'haha', '2025-04-16 15:30:21');
INSERT INTO reactions (user_id, post_id, comment_id, reaction_type, created_at) VALUES (35, NULL, 48, 'wow', '2025-04-16 15:30:21');
INSERT INTO reactions (user_id, post_id, comment_id, reaction_type, created_at) VALUES (15, NULL, 48, 'sad', '2025-04-16 15:30:21');
INSERT INTO reactions (user_id, post_id, comment_id, reaction_type, created_at) VALUES (21, NULL, 48, 'haha', '2025-04-16 15:30:21');
INSERT INTO reactions (user_id, post_id, comment_id, reaction_type, created_at) VALUES (11, NULL, 48, 'haha', '2025-04-16 15:30:21');
INSERT INTO comments (id, post_id, user_id, parent_comment_id, content, created_at) VALUES (49, 8, 41, 48, 'Play job look cup act scene.', '2025-04-16 15:30:21');
INSERT INTO reactions (user_id, post_id, comment_id, reaction_type, created_at) VALUES (37, NULL, 49, 'wow', '2025-04-16 15:30:21');
INSERT INTO reactions (user_id, post_id, comment_id, reaction_type, created_at) VALUES (26, NULL, 49, 'wow', '2025-04-16 15:30:21');
INSERT INTO comments (id, post_id, user_id, parent_comment_id, content, created_at) VALUES (50, 8, 44, NULL, 'Call price hair always car back price.', '2025-04-16 15:30:21');
INSERT INTO reactions (user_id, post_id, comment_id, reaction_type, created_at) VALUES (48, NULL, 50, 'haha', '2025-04-16 15:30:21');
INSERT INTO reactions (user_id, post_id, comment_id, reaction_type, created_at) VALUES (33, NULL, 50, 'wow', '2025-04-16 15:30:21');
INSERT INTO reactions (user_id, post_id, comment_id, reaction_type, created_at) VALUES (13, NULL, 50, 'haha', '2025-04-16 15:30:21');
INSERT INTO reactions (user_id, post_id, comment_id, reaction_type, created_at) VALUES (27, NULL, 50, 'love', '2025-04-16 15:30:21');
INSERT INTO reactions (user_id, post_id, comment_id, reaction_type, created_at) VALUES (46, NULL, 50, 'like', '2025-04-16 15:30:21');
INSERT INTO reactions (user_id, post_id, comment_id, reaction_type, created_at) VALUES (26, NULL, 50, 'wow', '2025-04-16 15:30:21');
INSERT INTO reactions (user_id, post_id, comment_id, reaction_type, created_at) VALUES (7, NULL, 50, 'angry', '2025-04-16 15:30:21');
INSERT INTO reactions (user_id, post_id, comment_id, reaction_type, created_at) VALUES (37, NULL, 50, 'like', '2025-04-16 15:30:21');
INSERT INTO reported_comments (id, comment_id, reported_by, reason, created_at) VALUES (8, 50, 23, 'Harassment', '2025-04-16 15:30:21');
INSERT INTO comments (id, post_id, user_id, parent_comment_id, content, created_at) VALUES (51, 8, 45, NULL, 'Food better stay.', '2025-04-16 15:30:21');
INSERT INTO reactions (user_id, post_id, comment_id, reaction_type, created_at) VALUES (15, NULL, 51, 'sad', '2025-04-16 15:30:21');
INSERT INTO reactions (user_id, post_id, comment_id, reaction_type, created_at) VALUES (23, NULL, 51, 'love', '2025-04-16 15:30:21');
INSERT INTO reactions (user_id, post_id, comment_id, reaction_type, created_at) VALUES (28, NULL, 51, 'wow', '2025-04-16 15:30:21');
INSERT INTO reported_comments (id, comment_id, reported_by, reason, created_at) VALUES (9, 51, 2, 'False information', '2025-04-16 15:30:21');
INSERT INTO posts (id, user_id, content, media_url, is_private, created_at, updated_at) VALUES (9, 9, 'Gene Hackman, Betsy Arakawa’s property was ‘breeding ground for infestation’ with dead rodents, feces all over - Page Six - The legendary actor’s wife died from hantavirus pulmonary syndrome, which is linked to rodents. They were both found dead in their New Mexico home in February.', 'https://pagesix.com/wp-content/uploads/sites/3/2025/04/102752681.jpg?quality=75&strip=all&w=1024', 0, '2025-04-16 15:30:21', '2025-04-16 15:30:21');
INSERT INTO reactions (user_id, post_id, comment_id, reaction_type, created_at) VALUES (42, 9, NULL, 'love', '2025-04-16 15:30:21');
INSERT INTO reactions (user_id, post_id, comment_id, reaction_type, created_at) VALUES (44, 9, NULL, 'like', '2025-04-16 15:30:21');
INSERT INTO reactions (user_id, post_id, comment_id, reaction_type, created_at) VALUES (27, 9, NULL, 'angry', '2025-04-16 15:30:21');
INSERT INTO comments (id, post_id, user_id, parent_comment_id, content, created_at) VALUES (52, 9, 20, NULL, 'Treatment reason maybe expert final.', '2025-04-16 15:30:21');
INSERT INTO reactions (user_id, post_id, comment_id, reaction_type, created_at) VALUES (26, NULL, 52, 'haha', '2025-04-16 15:30:21');
INSERT INTO reactions (user_id, post_id, comment_id, reaction_type, created_at) VALUES (2, NULL, 52, 'angry', '2025-04-16 15:30:21');
INSERT INTO reactions (user_id, post_id, comment_id, reaction_type, created_at) VALUES (17, NULL, 52, 'sad', '2025-04-16 15:30:21');
INSERT INTO reactions (user_id, post_id, comment_id, reaction_type, created_at) VALUES (38, NULL, 52, 'angry', '2025-04-16 15:30:21');
INSERT INTO reactions (user_id, post_id, comment_id, reaction_type, created_at) VALUES (14, NULL, 52, 'love', '2025-04-16 15:30:21');
INSERT INTO reactions (user_id, post_id, comment_id, reaction_type, created_at) VALUES (2, NULL, 52, 'sad', '2025-04-16 15:30:21');
INSERT INTO reactions (user_id, post_id, comment_id, reaction_type, created_at) VALUES (39, NULL, 52, 'like', '2025-04-16 15:30:21');
INSERT INTO comments (id, post_id, user_id, parent_comment_id, content, created_at) VALUES (53, 9, 47, 52, 'Ten item trouble station rate town study college.', '2025-04-16 15:30:21');
INSERT INTO reactions (user_id, post_id, comment_id, reaction_type, created_at) VALUES (19, NULL, 53, 'haha', '2025-04-16 15:30:21');
INSERT INTO reactions (user_id, post_id, comment_id, reaction_type, created_at) VALUES (49, NULL, 53, 'like', '2025-04-16 15:30:21');
INSERT INTO reactions (user_id, post_id, comment_id, reaction_type, created_at) VALUES (20, NULL, 53, 'wow', '2025-04-16 15:30:21');
INSERT INTO reactions (user_id, post_id, comment_id, reaction_type, created_at) VALUES (6, NULL, 53, 'like', '2025-04-16 15:30:21');
INSERT INTO reactions (user_id, post_id, comment_id, reaction_type, created_at) VALUES (16, NULL, 53, 'haha', '2025-04-16 15:30:21');
INSERT INTO reactions (user_id, post_id, comment_id, reaction_type, created_at) VALUES (19, NULL, 53, 'wow', '2025-04-16 15:30:21');
INSERT INTO reactions (user_id, post_id, comment_id, reaction_type, created_at) VALUES (10, NULL, 53, 'haha', '2025-04-16 15:30:21');
INSERT INTO reported_comments (id, comment_id, reported_by, reason, created_at) VALUES (10, 53, 43, 'Other', '2025-04-16 15:30:21');
INSERT INTO comments (id, post_id, user_id, parent_comment_id, content, created_at) VALUES (54, 9, 28, NULL, 'Top fish young peace provide relate when.', '2025-04-16 15:30:21');
INSERT INTO reactions (user_id, post_id, comment_id, reaction_type, created_at) VALUES (35, NULL, 54, 'like', '2025-04-16 15:30:21');
INSERT INTO reactions (user_id, post_id, comment_id, reaction_type, created_at) VALUES (26, NULL, 54, 'wow', '2025-04-16 15:30:21');
INSERT INTO reactions (user_id, post_id, comment_id, reaction_type, created_at) VALUES (13, NULL, 54, 'sad', '2025-04-16 15:30:21');
INSERT INTO comments (id, post_id, user_id, parent_comment_id, content, created_at) VALUES (55, 9, 27, NULL, 'End across purpose assume despite.', '2025-04-16 15:30:21');
INSERT INTO reactions (user_id, post_id, comment_id, reaction_type, created_at) VALUES (20, NULL, 55, 'like', '2025-04-16 15:30:21');
INSERT INTO reactions (user_id, post_id, comment_id, reaction_type, created_at) VALUES (15, NULL, 55, 'wow', '2025-04-16 15:30:21');
INSERT INTO reactions (user_id, post_id, comment_id, reaction_type, created_at) VALUES (27, NULL, 55, 'wow', '2025-04-16 15:30:21');
INSERT INTO reactions (user_id, post_id, comment_id, reaction_type, created_at) VALUES (49, NULL, 55, 'sad', '2025-04-16 15:30:21');
INSERT INTO reactions (user_id, post_id, comment_id, reaction_type, created_at) VALUES (29, NULL, 55, 'wow', '2025-04-16 15:30:21');
INSERT INTO reactions (user_id, post_id, comment_id, reaction_type, created_at) VALUES (48, NULL, 55, 'like', '2025-04-16 15:30:21');
INSERT INTO reactions (user_id, post_id, comment_id, reaction_type, created_at) VALUES (2, NULL, 55, 'angry', '2025-04-16 15:30:21');
INSERT INTO comments (id, post_id, user_id, parent_comment_id, content, created_at) VALUES (56, 9, 37, 55, 'Own father expert thus imagine alone.', '2025-04-16 15:30:21');
INSERT INTO reactions (user_id, post_id, comment_id, reaction_type, created_at) VALUES (46, NULL, 56, 'angry', '2025-04-16 15:30:21');
INSERT INTO reactions (user_id, post_id, comment_id, reaction_type, created_at) VALUES (12, NULL, 56, 'sad', '2025-04-16 15:30:21');
INSERT INTO reactions (user_id, post_id, comment_id, reaction_type, created_at) VALUES (11, NULL, 56, 'like', '2025-04-16 15:30:21');
INSERT INTO reactions (user_id, post_id, comment_id, reaction_type, created_at) VALUES (16, NULL, 56, 'sad', '2025-04-16 15:30:21');
INSERT INTO reactions (user_id, post_id, comment_id, reaction_type, created_at) VALUES (12, NULL, 56, 'wow', '2025-04-16 15:30:21');
INSERT INTO reactions (user_id, post_id, comment_id, reaction_type, created_at) VALUES (21, NULL, 56, 'like', '2025-04-16 15:30:21');
INSERT INTO comments (id, post_id, user_id, parent_comment_id, content, created_at) VALUES (57, 9, 34, 56, 'Loss hair interest author itself scientist.', '2025-04-16 15:30:21');
INSERT INTO reactions (user_id, post_id, comment_id, reaction_type, created_at) VALUES (48, NULL, 57, 'love', '2025-04-16 15:30:21');
INSERT INTO posts (id, user_id, content, media_url, is_private, created_at, updated_at) VALUES (10, 19, 'FAA emergency order grounds NYC helicopter tour company involved in deadly crash - AP News - Federal aviation regulators issued an emergency order Monday grounding the helicopter tour company involved in a deadly New York crash after learning it had fired its operations director minutes after he had agreed to suspend flights during the investigation.…', 'https://dims.apnews.com/dims4/default/a3cb5e7/2147483647/strip/true/crop/4276x2405+0+225/resize/1440x810!/quality/90/?url=https%3A%2F%2Fassets.apnews.com%2Fa3%2F18%2Fd3737b5a5fba5232d7015e545b6b%2Fd247e27b364d4931a0b70c330c58f3ca', 1, '2025-04-16 15:30:21', '2025-04-16 15:30:21');
INSERT INTO reactions (user_id, post_id, comment_id, reaction_type, created_at) VALUES (9, 10, NULL, 'angry', '2025-04-16 15:30:21');
INSERT INTO reactions (user_id, post_id, comment_id, reaction_type, created_at) VALUES (41, 10, NULL, 'sad', '2025-04-16 15:30:21');
INSERT INTO reactions (user_id, post_id, comment_id, reaction_type, created_at) VALUES (42, 10, NULL, 'love', '2025-04-16 15:30:21');
INSERT INTO reactions (user_id, post_id, comment_id, reaction_type, created_at) VALUES (1, 10, NULL, 'sad', '2025-04-16 15:30:21');
INSERT INTO reactions (user_id, post_id, comment_id, reaction_type, created_at) VALUES (28, 10, NULL, 'love', '2025-04-16 15:30:21');
INSERT INTO reactions (user_id, post_id, comment_id, reaction_type, created_at) VALUES (17, 10, NULL, 'angry', '2025-04-16 15:30:21');
INSERT INTO reactions (user_id, post_id, comment_id, reaction_type, created_at) VALUES (31, 10, NULL, 'like', '2025-04-16 15:30:21');
INSERT INTO reactions (user_id, post_id, comment_id, reaction_type, created_at) VALUES (13, 10, NULL, 'haha', '2025-04-16 15:30:21');
INSERT INTO comments (id, post_id, user_id, parent_comment_id, content, created_at) VALUES (58, 10, 4, NULL, 'Action attorney century evening.', '2025-04-16 15:30:21');
INSERT INTO reactions (user_id, post_id, comment_id, reaction_type, created_at) VALUES (4, NULL, 58, 'angry', '2025-04-16 15:30:21');
INSERT INTO reactions (user_id, post_id, comment_id, reaction_type, created_at) VALUES (19, NULL, 58, 'wow', '2025-04-16 15:30:21');
INSERT INTO reactions (user_id, post_id, comment_id, reaction_type, created_at) VALUES (14, NULL, 58, 'wow', '2025-04-16 15:30:21');
INSERT INTO reported_comments (id, comment_id, reported_by, reason, created_at) VALUES (11, 58, 6, 'Harassment', '2025-04-16 15:30:21');
INSERT INTO comments (id, post_id, user_id, parent_comment_id, content, created_at) VALUES (59, 10, 31, NULL, 'Option writer itself of country score.', '2025-04-16 15:30:21');
INSERT INTO reactions (user_id, post_id, comment_id, reaction_type, created_at) VALUES (7, NULL, 59, 'wow', '2025-04-16 15:30:21');
INSERT INTO reactions (user_id, post_id, comment_id, reaction_type, created_at) VALUES (38, NULL, 59, 'sad', '2025-04-16 15:30:21');
INSERT INTO reactions (user_id, post_id, comment_id, reaction_type, created_at) VALUES (38, NULL, 59, 'like', '2025-04-16 15:30:21');
INSERT INTO reactions (user_id, post_id, comment_id, reaction_type, created_at) VALUES (25, NULL, 59, 'angry', '2025-04-16 15:30:21');
INSERT INTO reactions (user_id, post_id, comment_id, reaction_type, created_at) VALUES (23, NULL, 59, 'sad', '2025-04-16 15:30:21');
INSERT INTO comments (id, post_id, user_id, parent_comment_id, content, created_at) VALUES (60, 10, 4, NULL, 'Head company through public buy knowledge late.', '2025-04-16 15:30:21');
INSERT INTO reactions (user_id, post_id, comment_id, reaction_type, created_at) VALUES (6, NULL, 60, 'love', '2025-04-16 15:30:21');
INSERT INTO reactions (user_id, post_id, comment_id, reaction_type, created_at) VALUES (9, NULL, 60, 'like', '2025-04-16 15:30:21');
INSERT INTO reactions (user_id, post_id, comment_id, reaction_type, created_at) VALUES (31, NULL, 60, 'sad', '2025-04-16 15:30:21');
INSERT INTO reactions (user_id, post_id, comment_id, reaction_type, created_at) VALUES (19, NULL, 60, 'haha', '2025-04-16 15:30:21');
INSERT INTO reactions (user_id, post_id, comment_id, reaction_type, created_at) VALUES (9, NULL, 60, 'angry', '2025-04-16 15:30:21');
INSERT INTO reactions (user_id, post_id, comment_id, reaction_type, created_at) VALUES (20, NULL, 60, 'like', '2025-04-16 15:30:21');
INSERT INTO reported_comments (id, comment_id, reported_by, reason, created_at) VALUES (12, 60, 41, 'Other', '2025-04-16 15:30:21');
INSERT INTO posts (id, user_id, content, media_url, is_private, created_at, updated_at) VALUES (11, 9, 'Federal judge stops Trump administration from deporting a half-million Cubans, others - Miami Herald - A federal judge stopped the Trump administration from rescinding deportation protections and work permits for more than a half-million paroled Cubans, Haitians, Nicaraguans and Venezuelans.', 'https://www.elnuevoherald.com/ultimas-noticias/sel7d3/picture277895248/alternates/LANDSCAPE_1140/IMG-20230406-WA0062.jpg', 1, '2025-04-16 15:30:21', '2025-04-16 15:30:21');
INSERT INTO reactions (user_id, post_id, comment_id, reaction_type, created_at) VALUES (43, 11, NULL, 'wow', '2025-04-16 15:30:21');
INSERT INTO reactions (user_id, post_id, comment_id, reaction_type, created_at) VALUES (5, 11, NULL, 'sad', '2025-04-16 15:30:21');
INSERT INTO reactions (user_id, post_id, comment_id, reaction_type, created_at) VALUES (30, 11, NULL, 'sad', '2025-04-16 15:30:21');
INSERT INTO reactions (user_id, post_id, comment_id, reaction_type, created_at) VALUES (23, 11, NULL, 'love', '2025-04-16 15:30:21');
INSERT INTO reactions (user_id, post_id, comment_id, reaction_type, created_at) VALUES (18, 11, NULL, 'wow', '2025-04-16 15:30:21');
INSERT INTO reactions (user_id, post_id, comment_id, reaction_type, created_at) VALUES (27, 11, NULL, 'love', '2025-04-16 15:30:21');
INSERT INTO reactions (user_id, post_id, comment_id, reaction_type, created_at) VALUES (4, 11, NULL, 'wow', '2025-04-16 15:30:21');
INSERT INTO reactions (user_id, post_id, comment_id, reaction_type, created_at) VALUES (43, 11, NULL, 'haha', '2025-04-16 15:30:21');
INSERT INTO reactions (user_id, post_id, comment_id, reaction_type, created_at) VALUES (48, 11, NULL, 'love', '2025-04-16 15:30:21');
INSERT INTO comments (id, post_id, user_id, parent_comment_id, content, created_at) VALUES (61, 11, 42, NULL, 'Bit eight clearly peace back purpose star.', '2025-04-16 15:30:21');
INSERT INTO reactions (user_id, post_id, comment_id, reaction_type, created_at) VALUES (43, NULL, 61, 'angry', '2025-04-16 15:30:21');
INSERT INTO reactions (user_id, post_id, comment_id, reaction_type, created_at) VALUES (25, NULL, 61, 'wow', '2025-04-16 15:30:21');
INSERT INTO reactions (user_id, post_id, comment_id, reaction_type, created_at) VALUES (1, NULL, 61, 'love', '2025-04-16 15:30:21');
INSERT INTO reactions (user_id, post_id, comment_id, reaction_type, created_at) VALUES (42, NULL, 61, 'love', '2025-04-16 15:30:21');
INSERT INTO reactions (user_id, post_id, comment_id, reaction_type, created_at) VALUES (45, NULL, 61, 'like', '2025-04-16 15:30:21');
INSERT INTO reactions (user_id, post_id, comment_id, reaction_type, created_at) VALUES (45, NULL, 61, 'wow', '2025-04-16 15:30:21');
INSERT INTO reactions (user_id, post_id, comment_id, reaction_type, created_at) VALUES (3, NULL, 61, 'haha', '2025-04-16 15:30:21');
INSERT INTO comments (id, post_id, user_id, parent_comment_id, content, created_at) VALUES (62, 11, 38, 61, 'Standard whether official too color receive money follow.', '2025-04-16 15:30:21');
INSERT INTO reactions (user_id, post_id, comment_id, reaction_type, created_at) VALUES (26, NULL, 62, 'love', '2025-04-16 15:30:21');
INSERT INTO reactions (user_id, post_id, comment_id, reaction_type, created_at) VALUES (27, NULL, 62, 'like', '2025-04-16 15:30:21');
INSERT INTO reactions (user_id, post_id, comment_id, reaction_type, created_at) VALUES (42, NULL, 62, 'love', '2025-04-16 15:30:21');
INSERT INTO reactions (user_id, post_id, comment_id, reaction_type, created_at) VALUES (22, NULL, 62, 'haha', '2025-04-16 15:30:21');
INSERT INTO reactions (user_id, post_id, comment_id, reaction_type, created_at) VALUES (27, NULL, 62, 'like', '2025-04-16 15:30:21');
INSERT INTO reactions (user_id, post_id, comment_id, reaction_type, created_at) VALUES (3, NULL, 62, 'haha', '2025-04-16 15:30:21');
INSERT INTO comments (id, post_id, user_id, parent_comment_id, content, created_at) VALUES (63, 11, 10, NULL, 'Already machine pull before price.', '2025-04-16 15:30:21');
INSERT INTO reactions (user_id, post_id, comment_id, reaction_type, created_at) VALUES (40, NULL, 63, 'haha', '2025-04-16 15:30:21');
INSERT INTO reactions (user_id, post_id, comment_id, reaction_type, created_at) VALUES (19, NULL, 63, 'haha', '2025-04-16 15:30:21');
INSERT INTO reactions (user_id, post_id, comment_id, reaction_type, created_at) VALUES (14, NULL, 63, 'like', '2025-04-16 15:30:21');
INSERT INTO reactions (user_id, post_id, comment_id, reaction_type, created_at) VALUES (16, NULL, 63, 'love', '2025-04-16 15:30:21');
INSERT INTO reactions (user_id, post_id, comment_id, reaction_type, created_at) VALUES (3, NULL, 63, 'sad', '2025-04-16 15:30:21');
INSERT INTO reactions (user_id, post_id, comment_id, reaction_type, created_at) VALUES (34, NULL, 63, 'haha', '2025-04-16 15:30:21');
INSERT INTO comments (id, post_id, user_id, parent_comment_id, content, created_at) VALUES (64, 11, 29, NULL, 'Close physical prove prove various north.', '2025-04-16 15:30:21');
INSERT INTO reactions (user_id, post_id, comment_id, reaction_type, created_at) VALUES (36, NULL, 64, 'sad', '2025-04-16 15:30:21');
INSERT INTO reactions (user_id, post_id, comment_id, reaction_type, created_at) VALUES (49, NULL, 64, 'love', '2025-04-16 15:30:21');
INSERT INTO reactions (user_id, post_id, comment_id, reaction_type, created_at) VALUES (1, NULL, 64, 'love', '2025-04-16 15:30:21');
INSERT INTO comments (id, post_id, user_id, parent_comment_id, content, created_at) VALUES (65, 11, 2, NULL, 'Management positive more campaign.', '2025-04-16 15:30:21');
INSERT INTO reactions (user_id, post_id, comment_id, reaction_type, created_at) VALUES (13, NULL, 65, 'wow', '2025-04-16 15:30:21');
INSERT INTO reactions (user_id, post_id, comment_id, reaction_type, created_at) VALUES (16, NULL, 65, 'angry', '2025-04-16 15:30:21');
INSERT INTO reactions (user_id, post_id, comment_id, reaction_type, created_at) VALUES (34, NULL, 65, 'like', '2025-04-16 15:30:21');
INSERT INTO reactions (user_id, post_id, comment_id, reaction_type, created_at) VALUES (45, NULL, 65, 'haha', '2025-04-16 15:30:21');
INSERT INTO reactions (user_id, post_id, comment_id, reaction_type, created_at) VALUES (23, NULL, 65, 'love', '2025-04-16 15:30:21');
INSERT INTO reactions (user_id, post_id, comment_id, reaction_type, created_at) VALUES (14, NULL, 65, 'haha', '2025-04-16 15:30:21');
INSERT INTO reactions (user_id, post_id, comment_id, reaction_type, created_at) VALUES (24, NULL, 65, 'like', '2025-04-16 15:30:21');
INSERT INTO comments (id, post_id, user_id, parent_comment_id, content, created_at) VALUES (66, 11, 21, NULL, 'Almost develop government worry.', '2025-04-16 15:30:21');
INSERT INTO reactions (user_id, post_id, comment_id, reaction_type, created_at) VALUES (1, NULL, 66, 'haha', '2025-04-16 15:30:21');
INSERT INTO comments (id, post_id, user_id, parent_comment_id, content, created_at) VALUES (67, 11, 23, NULL, 'Successful learn miss so return once.', '2025-04-16 15:30:21');
INSERT INTO reactions (user_id, post_id, comment_id, reaction_type, created_at) VALUES (48, NULL, 67, 'sad', '2025-04-16 15:30:21');
INSERT INTO reactions (user_id, post_id, comment_id, reaction_type, created_at) VALUES (31, NULL, 67, 'wow', '2025-04-16 15:30:21');
INSERT INTO reactions (user_id, post_id, comment_id, reaction_type, created_at) VALUES (10, NULL, 67, 'love', '2025-04-16 15:30:21');
INSERT INTO reactions (user_id, post_id, comment_id, reaction_type, created_at) VALUES (34, NULL, 67, 'love', '2025-04-16 15:30:21');
INSERT INTO reactions (user_id, post_id, comment_id, reaction_type, created_at) VALUES (6, NULL, 67, 'haha', '2025-04-16 15:30:21');
INSERT INTO reactions (user_id, post_id, comment_id, reaction_type, created_at) VALUES (21, NULL, 67, 'sad', '2025-04-16 15:30:21');
INSERT INTO reactions (user_id, post_id, comment_id, reaction_type, created_at) VALUES (42, NULL, 67, 'sad', '2025-04-16 15:30:21');
INSERT INTO reactions (user_id, post_id, comment_id, reaction_type, created_at) VALUES (21, NULL, 67, 'angry', '2025-04-16 15:30:21');
INSERT INTO reactions (user_id, post_id, comment_id, reaction_type, created_at) VALUES (3, NULL, 67, 'wow', '2025-04-16 15:30:21');
INSERT INTO reactions (user_id, post_id, comment_id, reaction_type, created_at) VALUES (31, NULL, 67, 'wow', '2025-04-16 15:30:21');
INSERT INTO comments (id, post_id, user_id, parent_comment_id, content, created_at) VALUES (68, 11, 10, NULL, 'Could protect build explain.', '2025-04-16 15:30:21');
INSERT INTO reactions (user_id, post_id, comment_id, reaction_type, created_at) VALUES (35, NULL, 68, 'like', '2025-04-16 15:30:21');
INSERT INTO reactions (user_id, post_id, comment_id, reaction_type, created_at) VALUES (26, NULL, 68, 'angry', '2025-04-16 15:30:21');
INSERT INTO reactions (user_id, post_id, comment_id, reaction_type, created_at) VALUES (3, NULL, 68, 'haha', '2025-04-16 15:30:21');
INSERT INTO reactions (user_id, post_id, comment_id, reaction_type, created_at) VALUES (2, NULL, 68, 'haha', '2025-04-16 15:30:21');
INSERT INTO reactions (user_id, post_id, comment_id, reaction_type, created_at) VALUES (37, NULL, 68, 'sad', '2025-04-16 15:30:21');
INSERT INTO reactions (user_id, post_id, comment_id, reaction_type, created_at) VALUES (44, NULL, 68, 'like', '2025-04-16 15:30:21');
INSERT INTO reactions (user_id, post_id, comment_id, reaction_type, created_at) VALUES (42, NULL, 68, 'like', '2025-04-16 15:30:21');
INSERT INTO reactions (user_id, post_id, comment_id, reaction_type, created_at) VALUES (38, NULL, 68, 'wow', '2025-04-16 15:30:21');
INSERT INTO reactions (user_id, post_id, comment_id, reaction_type, created_at) VALUES (41, NULL, 68, 'like', '2025-04-16 15:30:21');
INSERT INTO reactions (user_id, post_id, comment_id, reaction_type, created_at) VALUES (32, NULL, 68, 'love', '2025-04-16 15:30:21');
INSERT INTO reported_comments (id, comment_id, reported_by, reason, created_at) VALUES (13, 68, 31, 'Harassment', '2025-04-16 15:30:21');
INSERT INTO posts (id, user_id, content, media_url, is_private, created_at, updated_at) VALUES (12, 7, 'US begins probes into pharmaceutical and chip imports, setting stage for tariffs - CNN - The Trump administration is kicking off investigations into imports of pharmaceuticals and semiconductors as part of a bid to impose tariffs on both sectors on national security grounds, notices posted to the Federal Register on Monday showed.', 'https://media.cnn.com/api/v1/images/stellar/prod/2025-02-15t045902z-1569210894-rc2vcz9qv2nu-rtrmadp-3-usa-trump-taiwan.jpg?c=16x9&q=w_800,c_fill', 0, '2025-04-16 15:30:21', '2025-04-16 15:30:21');
INSERT INTO reactions (user_id, post_id, comment_id, reaction_type, created_at) VALUES (9, 12, NULL, 'sad', '2025-04-16 15:30:21');
INSERT INTO reactions (user_id, post_id, comment_id, reaction_type, created_at) VALUES (19, 12, NULL, 'sad', '2025-04-16 15:30:21');
INSERT INTO reactions (user_id, post_id, comment_id, reaction_type, created_at) VALUES (10, 12, NULL, 'haha', '2025-04-16 15:30:21');
INSERT INTO comments (id, post_id, user_id, parent_comment_id, content, created_at) VALUES (69, 12, 32, NULL, 'Fly word safe agreement pass specific other.', '2025-04-16 15:30:21');
INSERT INTO reactions (user_id, post_id, comment_id, reaction_type, created_at) VALUES (27, NULL, 69, 'angry', '2025-04-16 15:30:21');
INSERT INTO reactions (user_id, post_id, comment_id, reaction_type, created_at) VALUES (14, NULL, 69, 'haha', '2025-04-16 15:30:21');
INSERT INTO reactions (user_id, post_id, comment_id, reaction_type, created_at) VALUES (37, NULL, 69, 'sad', '2025-04-16 15:30:21');
INSERT INTO reactions (user_id, post_id, comment_id, reaction_type, created_at) VALUES (25, NULL, 69, 'haha', '2025-04-16 15:30:21');
INSERT INTO comments (id, post_id, user_id, parent_comment_id, content, created_at) VALUES (70, 12, 32, NULL, 'Serious though worker walk.', '2025-04-16 15:30:21');
INSERT INTO reactions (user_id, post_id, comment_id, reaction_type, created_at) VALUES (10, NULL, 70, 'like', '2025-04-16 15:30:21');
INSERT INTO reactions (user_id, post_id, comment_id, reaction_type, created_at) VALUES (22, NULL, 70, 'angry', '2025-04-16 15:30:21');
INSERT INTO comments (id, post_id, user_id, parent_comment_id, content, created_at) VALUES (71, 12, 44, 70, 'Ever view situation follow commercial agency.', '2025-04-16 15:30:21');
INSERT INTO reactions (user_id, post_id, comment_id, reaction_type, created_at) VALUES (24, NULL, 71, 'haha', '2025-04-16 15:30:21');
INSERT INTO reactions (user_id, post_id, comment_id, reaction_type, created_at) VALUES (40, NULL, 71, 'wow', '2025-04-16 15:30:21');
INSERT INTO reactions (user_id, post_id, comment_id, reaction_type, created_at) VALUES (23, NULL, 71, 'angry', '2025-04-16 15:30:21');
INSERT INTO reactions (user_id, post_id, comment_id, reaction_type, created_at) VALUES (36, NULL, 71, 'haha', '2025-04-16 15:30:21');
INSERT INTO reactions (user_id, post_id, comment_id, reaction_type, created_at) VALUES (6, NULL, 71, 'sad', '2025-04-16 15:30:21');
INSERT INTO reactions (user_id, post_id, comment_id, reaction_type, created_at) VALUES (31, NULL, 71, 'like', '2025-04-16 15:30:21');
INSERT INTO comments (id, post_id, user_id, parent_comment_id, content, created_at) VALUES (72, 12, 48, 71, 'Physical trial occur front.', '2025-04-16 15:30:21');
INSERT INTO reactions (user_id, post_id, comment_id, reaction_type, created_at) VALUES (31, NULL, 72, 'haha', '2025-04-16 15:30:21');
INSERT INTO reactions (user_id, post_id, comment_id, reaction_type, created_at) VALUES (40, NULL, 72, 'love', '2025-04-16 15:30:21');
INSERT INTO reactions (user_id, post_id, comment_id, reaction_type, created_at) VALUES (4, NULL, 72, 'haha', '2025-04-16 15:30:21');
INSERT INTO comments (id, post_id, user_id, parent_comment_id, content, created_at) VALUES (73, 12, 15, 72, 'Customer employee himself might evening.', '2025-04-16 15:30:21');
INSERT INTO reactions (user_id, post_id, comment_id, reaction_type, created_at) VALUES (20, NULL, 73, 'sad', '2025-04-16 15:30:21');
INSERT INTO reactions (user_id, post_id, comment_id, reaction_type, created_at) VALUES (36, NULL, 73, 'haha', '2025-04-16 15:30:21');
INSERT INTO reactions (user_id, post_id, comment_id, reaction_type, created_at) VALUES (18, NULL, 73, 'love', '2025-04-16 15:30:21');
INSERT INTO posts (id, user_id, content, media_url, is_private, created_at, updated_at) VALUES (13, 26, 'More than 400 killed by rebel group in Sudan says UN - BBC - The UN cites "credible sources" for the estimated death toll of recent attacks on refugee camps in Darfur.', 'https://ichef.bbci.co.uk/news/1024/branded_news/6b0b/live/b1e27d00-196f-11f0-bb58-9b4b47f4db81.jpg', 1, '2025-04-16 15:30:21', '2025-04-16 15:30:21');
INSERT INTO reactions (user_id, post_id, comment_id, reaction_type, created_at) VALUES (4, 13, NULL, 'love', '2025-04-16 15:30:21');
INSERT INTO reactions (user_id, post_id, comment_id, reaction_type, created_at) VALUES (46, 13, NULL, 'sad', '2025-04-16 15:30:21');
INSERT INTO reactions (user_id, post_id, comment_id, reaction_type, created_at) VALUES (44, 13, NULL, 'sad', '2025-04-16 15:30:21');
INSERT INTO reactions (user_id, post_id, comment_id, reaction_type, created_at) VALUES (20, 13, NULL, 'like', '2025-04-16 15:30:21');
INSERT INTO reactions (user_id, post_id, comment_id, reaction_type, created_at) VALUES (19, 13, NULL, 'love', '2025-04-16 15:30:21');
INSERT INTO reactions (user_id, post_id, comment_id, reaction_type, created_at) VALUES (3, 13, NULL, 'angry', '2025-04-16 15:30:21');
INSERT INTO reactions (user_id, post_id, comment_id, reaction_type, created_at) VALUES (43, 13, NULL, 'sad', '2025-04-16 15:30:21');
INSERT INTO reactions (user_id, post_id, comment_id, reaction_type, created_at) VALUES (6, 13, NULL, 'angry', '2025-04-16 15:30:21');
INSERT INTO reactions (user_id, post_id, comment_id, reaction_type, created_at) VALUES (41, 13, NULL, 'angry', '2025-04-16 15:30:21');
INSERT INTO comments (id, post_id, user_id, parent_comment_id, content, created_at) VALUES (74, 13, 43, NULL, 'Ever meeting interesting discover who practice.', '2025-04-16 15:30:21');
INSERT INTO reactions (user_id, post_id, comment_id, reaction_type, created_at) VALUES (27, NULL, 74, 'angry', '2025-04-16 15:30:21');
INSERT INTO reactions (user_id, post_id, comment_id, reaction_type, created_at) VALUES (35, NULL, 74, 'haha', '2025-04-16 15:30:21');
INSERT INTO reactions (user_id, post_id, comment_id, reaction_type, created_at) VALUES (44, NULL, 74, 'haha', '2025-04-16 15:30:21');
INSERT INTO reactions (user_id, post_id, comment_id, reaction_type, created_at) VALUES (29, NULL, 74, 'like', '2025-04-16 15:30:21');
INSERT INTO reactions (user_id, post_id, comment_id, reaction_type, created_at) VALUES (30, NULL, 74, 'love', '2025-04-16 15:30:21');
INSERT INTO reactions (user_id, post_id, comment_id, reaction_type, created_at) VALUES (11, NULL, 74, 'angry', '2025-04-16 15:30:21');
INSERT INTO reactions (user_id, post_id, comment_id, reaction_type, created_at) VALUES (48, NULL, 74, 'like', '2025-04-16 15:30:21');
INSERT INTO comments (id, post_id, user_id, parent_comment_id, content, created_at) VALUES (75, 13, 36, NULL, 'Foreign news see improve consider program crime deep.', '2025-04-16 15:30:21');
INSERT INTO reactions (user_id, post_id, comment_id, reaction_type, created_at) VALUES (11, NULL, 75, 'like', '2025-04-16 15:30:21');
INSERT INTO reactions (user_id, post_id, comment_id, reaction_type, created_at) VALUES (38, NULL, 75, 'like', '2025-04-16 15:30:21');
INSERT INTO reactions (user_id, post_id, comment_id, reaction_type, created_at) VALUES (38, NULL, 75, 'angry', '2025-04-16 15:30:21');
INSERT INTO reactions (user_id, post_id, comment_id, reaction_type, created_at) VALUES (48, NULL, 75, 'like', '2025-04-16 15:30:21');
INSERT INTO reactions (user_id, post_id, comment_id, reaction_type, created_at) VALUES (5, NULL, 75, 'love', '2025-04-16 15:30:21');
INSERT INTO comments (id, post_id, user_id, parent_comment_id, content, created_at) VALUES (76, 13, 23, 75, 'Person kitchen force us so boy billion.', '2025-04-16 15:30:21');
INSERT INTO reactions (user_id, post_id, comment_id, reaction_type, created_at) VALUES (24, NULL, 76, 'love', '2025-04-16 15:30:21');
INSERT INTO reactions (user_id, post_id, comment_id, reaction_type, created_at) VALUES (35, NULL, 76, 'like', '2025-04-16 15:30:21');
INSERT INTO reactions (user_id, post_id, comment_id, reaction_type, created_at) VALUES (19, NULL, 76, 'haha', '2025-04-16 15:30:21');
INSERT INTO reactions (user_id, post_id, comment_id, reaction_type, created_at) VALUES (42, NULL, 76, 'wow', '2025-04-16 15:30:21');
INSERT INTO reactions (user_id, post_id, comment_id, reaction_type, created_at) VALUES (22, NULL, 76, 'like', '2025-04-16 15:30:21');
INSERT INTO reactions (user_id, post_id, comment_id, reaction_type, created_at) VALUES (41, NULL, 76, 'sad', '2025-04-16 15:30:21');
INSERT INTO reactions (user_id, post_id, comment_id, reaction_type, created_at) VALUES (50, NULL, 76, 'like', '2025-04-16 15:30:21');
INSERT INTO reactions (user_id, post_id, comment_id, reaction_type, created_at) VALUES (23, NULL, 76, 'wow', '2025-04-16 15:30:21');
INSERT INTO comments (id, post_id, user_id, parent_comment_id, content, created_at) VALUES (77, 13, 8, NULL, 'Let fast institution reflect outside Democrat.', '2025-04-16 15:30:21');
INSERT INTO reactions (user_id, post_id, comment_id, reaction_type, created_at) VALUES (33, NULL, 77, 'wow', '2025-04-16 15:30:21');
INSERT INTO reactions (user_id, post_id, comment_id, reaction_type, created_at) VALUES (25, NULL, 77, 'like', '2025-04-16 15:30:21');
INSERT INTO reactions (user_id, post_id, comment_id, reaction_type, created_at) VALUES (2, NULL, 77, 'sad', '2025-04-16 15:30:21');
INSERT INTO reactions (user_id, post_id, comment_id, reaction_type, created_at) VALUES (7, NULL, 77, 'sad', '2025-04-16 15:30:21');
INSERT INTO reactions (user_id, post_id, comment_id, reaction_type, created_at) VALUES (41, NULL, 77, 'wow', '2025-04-16 15:30:21');
INSERT INTO reactions (user_id, post_id, comment_id, reaction_type, created_at) VALUES (26, NULL, 77, 'angry', '2025-04-16 15:30:21');
INSERT INTO reactions (user_id, post_id, comment_id, reaction_type, created_at) VALUES (16, NULL, 77, 'haha', '2025-04-16 15:30:21');
INSERT INTO reactions (user_id, post_id, comment_id, reaction_type, created_at) VALUES (19, NULL, 77, 'haha', '2025-04-16 15:30:21');
INSERT INTO reported_comments (id, comment_id, reported_by, reason, created_at) VALUES (14, 77, 8, 'Hate speech', '2025-04-16 15:30:21');
INSERT INTO comments (id, post_id, user_id, parent_comment_id, content, created_at) VALUES (78, 13, 8, NULL, 'How around among appear say.', '2025-04-16 15:30:21');
INSERT INTO reactions (user_id, post_id, comment_id, reaction_type, created_at) VALUES (2, NULL, 78, 'wow', '2025-04-16 15:30:21');
INSERT INTO reactions (user_id, post_id, comment_id, reaction_type, created_at) VALUES (17, NULL, 78, 'love', '2025-04-16 15:30:21');
INSERT INTO reactions (user_id, post_id, comment_id, reaction_type, created_at) VALUES (17, NULL, 78, 'haha', '2025-04-16 15:30:21');
INSERT INTO reactions (user_id, post_id, comment_id, reaction_type, created_at) VALUES (23, NULL, 78, 'love', '2025-04-16 15:30:21');
INSERT INTO reactions (user_id, post_id, comment_id, reaction_type, created_at) VALUES (34, NULL, 78, 'love', '2025-04-16 15:30:21');
INSERT INTO reactions (user_id, post_id, comment_id, reaction_type, created_at) VALUES (42, NULL, 78, 'love', '2025-04-16 15:30:21');
INSERT INTO reactions (user_id, post_id, comment_id, reaction_type, created_at) VALUES (35, NULL, 78, 'wow', '2025-04-16 15:30:21');
INSERT INTO reactions (user_id, post_id, comment_id, reaction_type, created_at) VALUES (41, NULL, 78, 'wow', '2025-04-16 15:30:21');
INSERT INTO comments (id, post_id, user_id, parent_comment_id, content, created_at) VALUES (79, 13, 18, NULL, 'Rate century never admit consider his national fear.', '2025-04-16 15:30:21');
INSERT INTO reactions (user_id, post_id, comment_id, reaction_type, created_at) VALUES (31, NULL, 79, 'sad', '2025-04-16 15:30:21');
INSERT INTO reactions (user_id, post_id, comment_id, reaction_type, created_at) VALUES (20, NULL, 79, 'wow', '2025-04-16 15:30:21');
INSERT INTO reactions (user_id, post_id, comment_id, reaction_type, created_at) VALUES (48, NULL, 79, 'sad', '2025-04-16 15:30:21');
INSERT INTO reactions (user_id, post_id, comment_id, reaction_type, created_at) VALUES (36, NULL, 79, 'wow', '2025-04-16 15:30:21');
INSERT INTO reactions (user_id, post_id, comment_id, reaction_type, created_at) VALUES (34, NULL, 79, 'haha', '2025-04-16 15:30:21');
INSERT INTO reactions (user_id, post_id, comment_id, reaction_type, created_at) VALUES (32, NULL, 79, 'love', '2025-04-16 15:30:21');
INSERT INTO reactions (user_id, post_id, comment_id, reaction_type, created_at) VALUES (40, NULL, 79, 'haha', '2025-04-16 15:30:21');
INSERT INTO reactions (user_id, post_id, comment_id, reaction_type, created_at) VALUES (41, NULL, 79, 'like', '2025-04-16 15:30:21');
INSERT INTO reactions (user_id, post_id, comment_id, reaction_type, created_at) VALUES (19, NULL, 79, 'love', '2025-04-16 15:30:21');
INSERT INTO posts (id, user_id, content, media_url, is_private, created_at, updated_at) VALUES (14, 48, 'Mark Zuckerberg defends Meta in social media monopoly trial - BBC - The US government is seeking to break up Meta by forcing a spinoff of Instagram or WhatsApp.', 'https://ichef.bbci.co.uk/news/1024/branded_news/684d/live/5695a950-198c-11f0-b1b3-7358f8d35a35.jpg', 1, '2025-04-16 15:30:21', '2025-04-16 15:30:21');
INSERT INTO reactions (user_id, post_id, comment_id, reaction_type, created_at) VALUES (3, 14, NULL, 'angry', '2025-04-16 15:30:21');
INSERT INTO reactions (user_id, post_id, comment_id, reaction_type, created_at) VALUES (8, 14, NULL, 'like', '2025-04-16 15:30:21');
INSERT INTO reactions (user_id, post_id, comment_id, reaction_type, created_at) VALUES (42, 14, NULL, 'angry', '2025-04-16 15:30:21');
INSERT INTO reactions (user_id, post_id, comment_id, reaction_type, created_at) VALUES (22, 14, NULL, 'sad', '2025-04-16 15:30:21');
INSERT INTO reactions (user_id, post_id, comment_id, reaction_type, created_at) VALUES (4, 14, NULL, 'wow', '2025-04-16 15:30:21');
INSERT INTO reactions (user_id, post_id, comment_id, reaction_type, created_at) VALUES (33, 14, NULL, 'wow', '2025-04-16 15:30:21');
INSERT INTO reactions (user_id, post_id, comment_id, reaction_type, created_at) VALUES (27, 14, NULL, 'haha', '2025-04-16 15:30:21');
INSERT INTO reactions (user_id, post_id, comment_id, reaction_type, created_at) VALUES (20, 14, NULL, 'wow', '2025-04-16 15:30:21');
INSERT INTO comments (id, post_id, user_id, parent_comment_id, content, created_at) VALUES (80, 14, 36, NULL, 'True already many recognize popular drop last.', '2025-04-16 15:30:21');
INSERT INTO reactions (user_id, post_id, comment_id, reaction_type, created_at) VALUES (9, NULL, 80, 'haha', '2025-04-16 15:30:21');
INSERT INTO reactions (user_id, post_id, comment_id, reaction_type, created_at) VALUES (5, NULL, 80, 'sad', '2025-04-16 15:30:21');
INSERT INTO reactions (user_id, post_id, comment_id, reaction_type, created_at) VALUES (12, NULL, 80, 'angry', '2025-04-16 15:30:21');
INSERT INTO reactions (user_id, post_id, comment_id, reaction_type, created_at) VALUES (22, NULL, 80, 'like', '2025-04-16 15:30:21');
INSERT INTO reactions (user_id, post_id, comment_id, reaction_type, created_at) VALUES (15, NULL, 80, 'wow', '2025-04-16 15:30:21');
INSERT INTO reactions (user_id, post_id, comment_id, reaction_type, created_at) VALUES (26, NULL, 80, 'sad', '2025-04-16 15:30:21');
INSERT INTO reactions (user_id, post_id, comment_id, reaction_type, created_at) VALUES (25, NULL, 80, 'like', '2025-04-16 15:30:21');
INSERT INTO reactions (user_id, post_id, comment_id, reaction_type, created_at) VALUES (22, NULL, 80, 'wow', '2025-04-16 15:30:21');
INSERT INTO comments (id, post_id, user_id, parent_comment_id, content, created_at) VALUES (81, 14, 25, NULL, 'Form real second else.', '2025-04-16 15:30:21');
INSERT INTO reactions (user_id, post_id, comment_id, reaction_type, created_at) VALUES (49, NULL, 81, 'wow', '2025-04-16 15:30:21');
INSERT INTO reactions (user_id, post_id, comment_id, reaction_type, created_at) VALUES (26, NULL, 81, 'haha', '2025-04-16 15:30:21');
INSERT INTO reactions (user_id, post_id, comment_id, reaction_type, created_at) VALUES (49, NULL, 81, 'angry', '2025-04-16 15:30:21');
INSERT INTO reactions (user_id, post_id, comment_id, reaction_type, created_at) VALUES (48, NULL, 81, 'sad', '2025-04-16 15:30:21');
INSERT INTO reactions (user_id, post_id, comment_id, reaction_type, created_at) VALUES (8, NULL, 81, 'like', '2025-04-16 15:30:21');
INSERT INTO reactions (user_id, post_id, comment_id, reaction_type, created_at) VALUES (33, NULL, 81, 'wow', '2025-04-16 15:30:21');
INSERT INTO reactions (user_id, post_id, comment_id, reaction_type, created_at) VALUES (34, NULL, 81, 'love', '2025-04-16 15:30:21');
INSERT INTO reactions (user_id, post_id, comment_id, reaction_type, created_at) VALUES (11, NULL, 81, 'love', '2025-04-16 15:30:21');
INSERT INTO reported_comments (id, comment_id, reported_by, reason, created_at) VALUES (15, 81, 40, 'Other', '2025-04-16 15:30:21');
INSERT INTO comments (id, post_id, user_id, parent_comment_id, content, created_at) VALUES (82, 14, 10, NULL, 'Personal beyond score stage couple share this.', '2025-04-16 15:30:21');
INSERT INTO reactions (user_id, post_id, comment_id, reaction_type, created_at) VALUES (47, NULL, 82, 'like', '2025-04-16 15:30:21');
INSERT INTO reactions (user_id, post_id, comment_id, reaction_type, created_at) VALUES (32, NULL, 82, 'sad', '2025-04-16 15:30:21');
INSERT INTO comments (id, post_id, user_id, parent_comment_id, content, created_at) VALUES (83, 14, 16, 82, 'Marriage discussion tree situation daughter act.', '2025-04-16 15:30:21');
INSERT INTO reactions (user_id, post_id, comment_id, reaction_type, created_at) VALUES (36, NULL, 83, 'like', '2025-04-16 15:30:21');
INSERT INTO reactions (user_id, post_id, comment_id, reaction_type, created_at) VALUES (10, NULL, 83, 'angry', '2025-04-16 15:30:21');
INSERT INTO reactions (user_id, post_id, comment_id, reaction_type, created_at) VALUES (40, NULL, 83, 'sad', '2025-04-16 15:30:21');
INSERT INTO reactions (user_id, post_id, comment_id, reaction_type, created_at) VALUES (34, NULL, 83, 'wow', '2025-04-16 15:30:21');
INSERT INTO reactions (user_id, post_id, comment_id, reaction_type, created_at) VALUES (36, NULL, 83, 'love', '2025-04-16 15:30:21');
INSERT INTO comments (id, post_id, user_id, parent_comment_id, content, created_at) VALUES (84, 14, 43, NULL, 'Trouble course last box arm end.', '2025-04-16 15:30:21');
INSERT INTO reactions (user_id, post_id, comment_id, reaction_type, created_at) VALUES (16, NULL, 84, 'haha', '2025-04-16 15:30:21');
INSERT INTO reactions (user_id, post_id, comment_id, reaction_type, created_at) VALUES (8, NULL, 84, 'sad', '2025-04-16 15:30:21');
INSERT INTO comments (id, post_id, user_id, parent_comment_id, content, created_at) VALUES (85, 14, 8, NULL, 'School himself agree in level.', '2025-04-16 15:30:21');
INSERT INTO reactions (user_id, post_id, comment_id, reaction_type, created_at) VALUES (15, NULL, 85, 'angry', '2025-04-16 15:30:21');
INSERT INTO reactions (user_id, post_id, comment_id, reaction_type, created_at) VALUES (9, NULL, 85, 'angry', '2025-04-16 15:30:21');
INSERT INTO reactions (user_id, post_id, comment_id, reaction_type, created_at) VALUES (30, NULL, 85, 'like', '2025-04-16 15:30:21');
INSERT INTO reactions (user_id, post_id, comment_id, reaction_type, created_at) VALUES (22, NULL, 85, 'sad', '2025-04-16 15:30:21');
INSERT INTO reactions (user_id, post_id, comment_id, reaction_type, created_at) VALUES (3, NULL, 85, 'sad', '2025-04-16 15:30:21');
INSERT INTO reactions (user_id, post_id, comment_id, reaction_type, created_at) VALUES (35, NULL, 85, 'love', '2025-04-16 15:30:21');
INSERT INTO reactions (user_id, post_id, comment_id, reaction_type, created_at) VALUES (13, NULL, 85, 'like', '2025-04-16 15:30:21');
INSERT INTO reported_comments (id, comment_id, reported_by, reason, created_at) VALUES (16, 85, 16, 'Other', '2025-04-16 15:30:21');
INSERT INTO comments (id, post_id, user_id, parent_comment_id, content, created_at) VALUES (86, 14, 40, NULL, 'Blue mission pay least general institution fall.', '2025-04-16 15:30:21');
INSERT INTO reactions (user_id, post_id, comment_id, reaction_type, created_at) VALUES (39, NULL, 86, 'love', '2025-04-16 15:30:21');
INSERT INTO reactions (user_id, post_id, comment_id, reaction_type, created_at) VALUES (10, NULL, 86, 'wow', '2025-04-16 15:30:21');
INSERT INTO reactions (user_id, post_id, comment_id, reaction_type, created_at) VALUES (42, NULL, 86, 'angry', '2025-04-16 15:30:21');
INSERT INTO reactions (user_id, post_id, comment_id, reaction_type, created_at) VALUES (19, NULL, 86, 'like', '2025-04-16 15:30:21');
INSERT INTO reactions (user_id, post_id, comment_id, reaction_type, created_at) VALUES (4, NULL, 86, 'angry', '2025-04-16 15:30:21');
INSERT INTO reactions (user_id, post_id, comment_id, reaction_type, created_at) VALUES (28, NULL, 86, 'angry', '2025-04-16 15:30:21');
INSERT INTO reactions (user_id, post_id, comment_id, reaction_type, created_at) VALUES (22, NULL, 86, 'like', '2025-04-16 15:30:21');
INSERT INTO posts (id, user_id, content, media_url, is_private, created_at, updated_at) VALUES (15, 29, 'Americans impacted by 2024 natural disasters may qualify for extension to file taxes - NPR - Americans in at least nine states qualify for automatic IRS tax filing extensions, according to the agency.', 'https://npr.brightspotcdn.com/dims3/default/strip/false/crop/8061x4534+0+421/resize/1400/quality/100/format/jpeg/?url=http%3A%2F%2Fnpr-brightspot.s3.amazonaws.com%2Fe0%2Ff1%2F9aacc2404770b3b8b9835b872c19%2Fgettyimages-2199450201.jpg', 0, '2025-04-16 15:30:21', '2025-04-16 15:30:21');
INSERT INTO reactions (user_id, post_id, comment_id, reaction_type, created_at) VALUES (33, 15, NULL, 'wow', '2025-04-16 15:30:21');
INSERT INTO reactions (user_id, post_id, comment_id, reaction_type, created_at) VALUES (4, 15, NULL, 'like', '2025-04-16 15:30:21');
INSERT INTO reactions (user_id, post_id, comment_id, reaction_type, created_at) VALUES (42, 15, NULL, 'angry', '2025-04-16 15:30:21');
INSERT INTO reactions (user_id, post_id, comment_id, reaction_type, created_at) VALUES (26, 15, NULL, 'like', '2025-04-16 15:30:21');
INSERT INTO reactions (user_id, post_id, comment_id, reaction_type, created_at) VALUES (35, 15, NULL, 'sad', '2025-04-16 15:30:21');
INSERT INTO reactions (user_id, post_id, comment_id, reaction_type, created_at) VALUES (25, 15, NULL, 'haha', '2025-04-16 15:30:21');
INSERT INTO reactions (user_id, post_id, comment_id, reaction_type, created_at) VALUES (6, 15, NULL, 'haha', '2025-04-16 15:30:21');
INSERT INTO comments (id, post_id, user_id, parent_comment_id, content, created_at) VALUES (87, 15, 28, NULL, 'Deep note treat remain.', '2025-04-16 15:30:21');
INSERT INTO reactions (user_id, post_id, comment_id, reaction_type, created_at) VALUES (48, NULL, 87, 'haha', '2025-04-16 15:30:21');
INSERT INTO reactions (user_id, post_id, comment_id, reaction_type, created_at) VALUES (11, NULL, 87, 'haha', '2025-04-16 15:30:21');
INSERT INTO reactions (user_id, post_id, comment_id, reaction_type, created_at) VALUES (11, NULL, 87, 'angry', '2025-04-16 15:30:21');
INSERT INTO reported_comments (id, comment_id, reported_by, reason, created_at) VALUES (17, 87, 11, 'Hate speech', '2025-04-16 15:30:21');
INSERT INTO comments (id, post_id, user_id, parent_comment_id, content, created_at) VALUES (88, 15, 27, NULL, 'Gas style number office just.', '2025-04-16 15:30:21');
INSERT INTO reactions (user_id, post_id, comment_id, reaction_type, created_at) VALUES (42, NULL, 88, 'sad', '2025-04-16 15:30:21');
INSERT INTO reactions (user_id, post_id, comment_id, reaction_type, created_at) VALUES (7, NULL, 88, 'wow', '2025-04-16 15:30:21');
INSERT INTO reactions (user_id, post_id, comment_id, reaction_type, created_at) VALUES (9, NULL, 88, 'wow', '2025-04-16 15:30:21');
INSERT INTO comments (id, post_id, user_id, parent_comment_id, content, created_at) VALUES (89, 15, 37, NULL, 'Give stock modern career want task.', '2025-04-16 15:30:21');
INSERT INTO reactions (user_id, post_id, comment_id, reaction_type, created_at) VALUES (23, NULL, 89, 'wow', '2025-04-16 15:30:21');
INSERT INTO reactions (user_id, post_id, comment_id, reaction_type, created_at) VALUES (32, NULL, 89, 'sad', '2025-04-16 15:30:21');
INSERT INTO reactions (user_id, post_id, comment_id, reaction_type, created_at) VALUES (26, NULL, 89, 'sad', '2025-04-16 15:30:21');
INSERT INTO reactions (user_id, post_id, comment_id, reaction_type, created_at) VALUES (40, NULL, 89, 'love', '2025-04-16 15:30:21');
INSERT INTO comments (id, post_id, user_id, parent_comment_id, content, created_at) VALUES (90, 15, 9, NULL, 'Economy young create practice quickly.', '2025-04-16 15:30:21');
INSERT INTO reactions (user_id, post_id, comment_id, reaction_type, created_at) VALUES (2, NULL, 90, 'wow', '2025-04-16 15:30:21');
INSERT INTO reactions (user_id, post_id, comment_id, reaction_type, created_at) VALUES (48, NULL, 90, 'like', '2025-04-16 15:30:21');
INSERT INTO reactions (user_id, post_id, comment_id, reaction_type, created_at) VALUES (19, NULL, 90, 'wow', '2025-04-16 15:30:21');
INSERT INTO reactions (user_id, post_id, comment_id, reaction_type, created_at) VALUES (46, NULL, 90, 'sad', '2025-04-16 15:30:21');
INSERT INTO reactions (user_id, post_id, comment_id, reaction_type, created_at) VALUES (48, NULL, 90, 'love', '2025-04-16 15:30:21');
INSERT INTO comments (id, post_id, user_id, parent_comment_id, content, created_at) VALUES (91, 15, 23, NULL, 'Us floor skin hand true too.', '2025-04-16 15:30:21');
INSERT INTO reactions (user_id, post_id, comment_id, reaction_type, created_at) VALUES (39, NULL, 91, 'love', '2025-04-16 15:30:21');
INSERT INTO reactions (user_id, post_id, comment_id, reaction_type, created_at) VALUES (14, NULL, 91, 'angry', '2025-04-16 15:30:21');
INSERT INTO reactions (user_id, post_id, comment_id, reaction_type, created_at) VALUES (21, NULL, 91, 'haha', '2025-04-16 15:30:21');
INSERT INTO reactions (user_id, post_id, comment_id, reaction_type, created_at) VALUES (18, NULL, 91, 'sad', '2025-04-16 15:30:21');
INSERT INTO reactions (user_id, post_id, comment_id, reaction_type, created_at) VALUES (30, NULL, 91, 'like', '2025-04-16 15:30:21');
INSERT INTO comments (id, post_id, user_id, parent_comment_id, content, created_at) VALUES (92, 15, 39, NULL, 'Sort put still gas challenge group catch.', '2025-04-16 15:30:21');
INSERT INTO reactions (user_id, post_id, comment_id, reaction_type, created_at) VALUES (26, NULL, 92, 'haha', '2025-04-16 15:30:21');
INSERT INTO reactions (user_id, post_id, comment_id, reaction_type, created_at) VALUES (26, NULL, 92, 'like', '2025-04-16 15:30:21');
INSERT INTO reactions (user_id, post_id, comment_id, reaction_type, created_at) VALUES (30, NULL, 92, 'like', '2025-04-16 15:30:21');
INSERT INTO reactions (user_id, post_id, comment_id, reaction_type, created_at) VALUES (8, NULL, 92, 'love', '2025-04-16 15:30:21');
INSERT INTO reactions (user_id, post_id, comment_id, reaction_type, created_at) VALUES (39, NULL, 92, 'like', '2025-04-16 15:30:21');
INSERT INTO comments (id, post_id, user_id, parent_comment_id, content, created_at) VALUES (93, 15, 7, 92, 'Sell field drive which he.', '2025-04-16 15:30:21');
INSERT INTO reactions (user_id, post_id, comment_id, reaction_type, created_at) VALUES (25, NULL, 93, 'angry', '2025-04-16 15:30:21');
INSERT INTO reactions (user_id, post_id, comment_id, reaction_type, created_at) VALUES (49, NULL, 93, 'angry', '2025-04-16 15:30:21');
INSERT INTO reactions (user_id, post_id, comment_id, reaction_type, created_at) VALUES (19, NULL, 93, 'haha', '2025-04-16 15:30:21');
INSERT INTO reactions (user_id, post_id, comment_id, reaction_type, created_at) VALUES (22, NULL, 93, 'love', '2025-04-16 15:30:21');
INSERT INTO posts (id, user_id, content, media_url, is_private, created_at, updated_at) VALUES (16, 34, 'Palestinian Columbia activist Mohsen Mahdawi arrested by DHS at citizenship interview - CBS News - A Columbia protest leader was taken into custody at a citizenship interview, his lawyers say, as the Trump administration pushes to deport fellow Columbia activist Mahoud Khalil.', 'https://assets1.cbsnewsstatic.com/hub/i/r/2023/12/03/897c638b-a4bc-4521-b658-881b27128c2c/thumbnail/1200x630/c87a3140451d393e5acf20b2b1da21a2/campus-8.jpg?v=22a842e47fa1552047fb956f78e1acf0', 1, '2025-04-16 15:30:21', '2025-04-16 15:30:21');
INSERT INTO reactions (user_id, post_id, comment_id, reaction_type, created_at) VALUES (29, 16, NULL, 'angry', '2025-04-16 15:30:21');
INSERT INTO reactions (user_id, post_id, comment_id, reaction_type, created_at) VALUES (17, 16, NULL, 'love', '2025-04-16 15:30:21');
INSERT INTO reactions (user_id, post_id, comment_id, reaction_type, created_at) VALUES (37, 16, NULL, 'love', '2025-04-16 15:30:21');
INSERT INTO reactions (user_id, post_id, comment_id, reaction_type, created_at) VALUES (37, 16, NULL, 'like', '2025-04-16 15:30:21');
INSERT INTO reactions (user_id, post_id, comment_id, reaction_type, created_at) VALUES (25, 16, NULL, 'sad', '2025-04-16 15:30:21');
INSERT INTO reactions (user_id, post_id, comment_id, reaction_type, created_at) VALUES (32, 16, NULL, 'haha', '2025-04-16 15:30:21');
INSERT INTO reactions (user_id, post_id, comment_id, reaction_type, created_at) VALUES (25, 16, NULL, 'haha', '2025-04-16 15:30:21');
INSERT INTO reactions (user_id, post_id, comment_id, reaction_type, created_at) VALUES (7, 16, NULL, 'haha', '2025-04-16 15:30:21');
INSERT INTO comments (id, post_id, user_id, parent_comment_id, content, created_at) VALUES (94, 16, 32, NULL, 'Contain president his.', '2025-04-16 15:30:21');
INSERT INTO reactions (user_id, post_id, comment_id, reaction_type, created_at) VALUES (46, NULL, 94, 'wow', '2025-04-16 15:30:21');
INSERT INTO reactions (user_id, post_id, comment_id, reaction_type, created_at) VALUES (8, NULL, 94, 'angry', '2025-04-16 15:30:21');
INSERT INTO reactions (user_id, post_id, comment_id, reaction_type, created_at) VALUES (19, NULL, 94, 'like', '2025-04-16 15:30:21');
INSERT INTO reactions (user_id, post_id, comment_id, reaction_type, created_at) VALUES (17, NULL, 94, 'haha', '2025-04-16 15:30:21');
INSERT INTO comments (id, post_id, user_id, parent_comment_id, content, created_at) VALUES (95, 16, 40, 94, 'However consumer though talk seek.', '2025-04-16 15:30:21');
INSERT INTO reactions (user_id, post_id, comment_id, reaction_type, created_at) VALUES (5, NULL, 95, 'wow', '2025-04-16 15:30:21');
INSERT INTO reactions (user_id, post_id, comment_id, reaction_type, created_at) VALUES (21, NULL, 95, 'haha', '2025-04-16 15:30:21');
INSERT INTO reactions (user_id, post_id, comment_id, reaction_type, created_at) VALUES (40, NULL, 95, 'like', '2025-04-16 15:30:21');
INSERT INTO reactions (user_id, post_id, comment_id, reaction_type, created_at) VALUES (16, NULL, 95, 'sad', '2025-04-16 15:30:21');
INSERT INTO reactions (user_id, post_id, comment_id, reaction_type, created_at) VALUES (44, NULL, 95, 'love', '2025-04-16 15:30:21');
INSERT INTO reactions (user_id, post_id, comment_id, reaction_type, created_at) VALUES (46, NULL, 95, 'wow', '2025-04-16 15:30:21');
INSERT INTO reactions (user_id, post_id, comment_id, reaction_type, created_at) VALUES (38, NULL, 95, 'haha', '2025-04-16 15:30:21');
INSERT INTO reactions (user_id, post_id, comment_id, reaction_type, created_at) VALUES (23, NULL, 95, 'angry', '2025-04-16 15:30:21');
INSERT INTO comments (id, post_id, user_id, parent_comment_id, content, created_at) VALUES (96, 16, 13, 95, 'Cut successful fight become staff.', '2025-04-16 15:30:21');
INSERT INTO reactions (user_id, post_id, comment_id, reaction_type, created_at) VALUES (45, NULL, 96, 'like', '2025-04-16 15:30:21');
INSERT INTO reactions (user_id, post_id, comment_id, reaction_type, created_at) VALUES (26, NULL, 96, 'haha', '2025-04-16 15:30:21');
INSERT INTO reactions (user_id, post_id, comment_id, reaction_type, created_at) VALUES (46, NULL, 96, 'angry', '2025-04-16 15:30:21');
INSERT INTO reactions (user_id, post_id, comment_id, reaction_type, created_at) VALUES (8, NULL, 96, 'angry', '2025-04-16 15:30:21');
INSERT INTO reactions (user_id, post_id, comment_id, reaction_type, created_at) VALUES (50, NULL, 96, 'love', '2025-04-16 15:30:21');
INSERT INTO reactions (user_id, post_id, comment_id, reaction_type, created_at) VALUES (20, NULL, 96, 'like', '2025-04-16 15:30:21');
INSERT INTO reactions (user_id, post_id, comment_id, reaction_type, created_at) VALUES (36, NULL, 96, 'love', '2025-04-16 15:30:21');
INSERT INTO reactions (user_id, post_id, comment_id, reaction_type, created_at) VALUES (15, NULL, 96, 'haha', '2025-04-16 15:30:21');
INSERT INTO reactions (user_id, post_id, comment_id, reaction_type, created_at) VALUES (15, NULL, 96, 'sad', '2025-04-16 15:30:21');
INSERT INTO reported_comments (id, comment_id, reported_by, reason, created_at) VALUES (18, 96, 20, 'False information', '2025-04-16 15:30:21');
INSERT INTO comments (id, post_id, user_id, parent_comment_id, content, created_at) VALUES (97, 16, 11, NULL, 'Office prevent choice market.', '2025-04-16 15:30:21');
INSERT INTO reactions (user_id, post_id, comment_id, reaction_type, created_at) VALUES (3, NULL, 97, 'sad', '2025-04-16 15:30:21');
INSERT INTO reactions (user_id, post_id, comment_id, reaction_type, created_at) VALUES (14, NULL, 97, 'love', '2025-04-16 15:30:21');
INSERT INTO reactions (user_id, post_id, comment_id, reaction_type, created_at) VALUES (32, NULL, 97, 'angry', '2025-04-16 15:30:21');
INSERT INTO posts (id, user_id, content, media_url, is_private, created_at, updated_at) VALUES (17, 22, 'UNC trends for QB on Transfer Portal Crystal Ball: Tar Heels not expected to pursue Tennessee''s Nico Iamaleava - 247Sports - UNC and Bill Belichick appear to have found a quarterback for the 2025 season', 'https://s3media.247sports.com/Uploads/Assets/863/40/13040863.jpg?width=1200&height=628&crop=1.91:1&fit=cover', 1, '2025-04-16 15:30:21', '2025-04-16 15:30:21');
INSERT INTO reactions (user_id, post_id, comment_id, reaction_type, created_at) VALUES (47, 17, NULL, 'angry', '2025-04-16 15:30:21');
INSERT INTO reactions (user_id, post_id, comment_id, reaction_type, created_at) VALUES (5, 17, NULL, 'angry', '2025-04-16 15:30:21');
INSERT INTO reactions (user_id, post_id, comment_id, reaction_type, created_at) VALUES (11, 17, NULL, 'love', '2025-04-16 15:30:21');
INSERT INTO reactions (user_id, post_id, comment_id, reaction_type, created_at) VALUES (15, 17, NULL, 'wow', '2025-04-16 15:30:21');
INSERT INTO comments (id, post_id, user_id, parent_comment_id, content, created_at) VALUES (98, 17, 8, NULL, 'Meet reality see situation from parent.', '2025-04-16 15:30:21');
INSERT INTO reactions (user_id, post_id, comment_id, reaction_type, created_at) VALUES (7, NULL, 98, 'haha', '2025-04-16 15:30:21');
INSERT INTO reactions (user_id, post_id, comment_id, reaction_type, created_at) VALUES (29, NULL, 98, 'love', '2025-04-16 15:30:21');
INSERT INTO reactions (user_id, post_id, comment_id, reaction_type, created_at) VALUES (50, NULL, 98, 'wow', '2025-04-16 15:30:21');
INSERT INTO comments (id, post_id, user_id, parent_comment_id, content, created_at) VALUES (99, 17, 1, NULL, 'Event member unit point policy usually way.', '2025-04-16 15:30:21');
INSERT INTO reactions (user_id, post_id, comment_id, reaction_type, created_at) VALUES (34, NULL, 99, 'wow', '2025-04-16 15:30:21');
INSERT INTO reactions (user_id, post_id, comment_id, reaction_type, created_at) VALUES (31, NULL, 99, 'wow', '2025-04-16 15:30:21');
INSERT INTO reactions (user_id, post_id, comment_id, reaction_type, created_at) VALUES (34, NULL, 99, 'wow', '2025-04-16 15:30:21');
INSERT INTO comments (id, post_id, user_id, parent_comment_id, content, created_at) VALUES (100, 17, 21, NULL, 'Main short kitchen dream specific career.', '2025-04-16 15:30:21');
INSERT INTO reactions (user_id, post_id, comment_id, reaction_type, created_at) VALUES (18, NULL, 100, 'haha', '2025-04-16 15:30:21');
INSERT INTO reactions (user_id, post_id, comment_id, reaction_type, created_at) VALUES (1, NULL, 100, 'sad', '2025-04-16 15:30:21');
INSERT INTO reactions (user_id, post_id, comment_id, reaction_type, created_at) VALUES (41, NULL, 100, 'sad', '2025-04-16 15:30:21');
INSERT INTO comments (id, post_id, user_id, parent_comment_id, content, created_at) VALUES (101, 17, 19, NULL, 'International ball sing worker per now.', '2025-04-16 15:30:21');
INSERT INTO reactions (user_id, post_id, comment_id, reaction_type, created_at) VALUES (46, NULL, 101, 'sad', '2025-04-16 15:30:21');
INSERT INTO reactions (user_id, post_id, comment_id, reaction_type, created_at) VALUES (21, NULL, 101, 'sad', '2025-04-16 15:30:21');
INSERT INTO reactions (user_id, post_id, comment_id, reaction_type, created_at) VALUES (6, NULL, 101, 'angry', '2025-04-16 15:30:21');
INSERT INTO reactions (user_id, post_id, comment_id, reaction_type, created_at) VALUES (22, NULL, 101, 'like', '2025-04-16 15:30:21');
INSERT INTO reactions (user_id, post_id, comment_id, reaction_type, created_at) VALUES (6, NULL, 101, 'like', '2025-04-16 15:30:21');
INSERT INTO reactions (user_id, post_id, comment_id, reaction_type, created_at) VALUES (19, NULL, 101, 'love', '2025-04-16 15:30:21');
INSERT INTO reactions (user_id, post_id, comment_id, reaction_type, created_at) VALUES (17, NULL, 101, 'love', '2025-04-16 15:30:21');
INSERT INTO reported_comments (id, comment_id, reported_by, reason, created_at) VALUES (19, 101, 43, 'False information', '2025-04-16 15:30:21');
INSERT INTO comments (id, post_id, user_id, parent_comment_id, content, created_at) VALUES (102, 17, 39, NULL, 'Soon economic become rule data mother.', '2025-04-16 15:30:21');
INSERT INTO reactions (user_id, post_id, comment_id, reaction_type, created_at) VALUES (42, NULL, 102, 'like', '2025-04-16 15:30:21');
INSERT INTO reactions (user_id, post_id, comment_id, reaction_type, created_at) VALUES (45, NULL, 102, 'like', '2025-04-16 15:30:21');
INSERT INTO reactions (user_id, post_id, comment_id, reaction_type, created_at) VALUES (50, NULL, 102, 'like', '2025-04-16 15:30:21');
INSERT INTO reactions (user_id, post_id, comment_id, reaction_type, created_at) VALUES (36, NULL, 102, 'angry', '2025-04-16 15:30:21');
INSERT INTO reactions (user_id, post_id, comment_id, reaction_type, created_at) VALUES (9, NULL, 102, 'angry', '2025-04-16 15:30:21');
INSERT INTO reactions (user_id, post_id, comment_id, reaction_type, created_at) VALUES (46, NULL, 102, 'sad', '2025-04-16 15:30:21');
INSERT INTO reactions (user_id, post_id, comment_id, reaction_type, created_at) VALUES (14, NULL, 102, 'angry', '2025-04-16 15:30:21');
INSERT INTO reactions (user_id, post_id, comment_id, reaction_type, created_at) VALUES (49, NULL, 102, 'angry', '2025-04-16 15:30:21');
INSERT INTO comments (id, post_id, user_id, parent_comment_id, content, created_at) VALUES (103, 17, 4, NULL, 'Medical prove trade ask democratic news top.', '2025-04-16 15:30:21');
INSERT INTO reactions (user_id, post_id, comment_id, reaction_type, created_at) VALUES (28, NULL, 103, 'wow', '2025-04-16 15:30:21');
INSERT INTO reactions (user_id, post_id, comment_id, reaction_type, created_at) VALUES (30, NULL, 103, 'love', '2025-04-16 15:30:21');
INSERT INTO reactions (user_id, post_id, comment_id, reaction_type, created_at) VALUES (43, NULL, 103, 'angry', '2025-04-16 15:30:21');
INSERT INTO reactions (user_id, post_id, comment_id, reaction_type, created_at) VALUES (17, NULL, 103, 'wow', '2025-04-16 15:30:21');
INSERT INTO reactions (user_id, post_id, comment_id, reaction_type, created_at) VALUES (10, NULL, 103, 'like', '2025-04-16 15:30:21');
INSERT INTO reactions (user_id, post_id, comment_id, reaction_type, created_at) VALUES (21, NULL, 103, 'haha', '2025-04-16 15:30:21');
INSERT INTO reactions (user_id, post_id, comment_id, reaction_type, created_at) VALUES (33, NULL, 103, 'love', '2025-04-16 15:30:21');
INSERT INTO reactions (user_id, post_id, comment_id, reaction_type, created_at) VALUES (32, NULL, 103, 'angry', '2025-04-16 15:30:21');
INSERT INTO reactions (user_id, post_id, comment_id, reaction_type, created_at) VALUES (27, NULL, 103, 'sad', '2025-04-16 15:30:21');
INSERT INTO reported_comments (id, comment_id, reported_by, reason, created_at) VALUES (20, 103, 47, 'False information', '2025-04-16 15:30:21');
INSERT INTO posts (id, user_id, content, media_url, is_private, created_at, updated_at) VALUES (18, 20, 'What to know about suspect in fire at Gov. Josh Shapiro''s residence - Axios - Cody Balmer, 38, of Harrisburg, faces charges of attempted murder, terrorism and aggravated arson.', 'https://images.axios.com/oVpbHKyQurzgUDGBUaJis6t-0ro=/0x460:5568x3592/1366x768/2025/04/14/1744647859908.jpg', 1, '2025-04-16 15:30:21', '2025-04-16 15:30:21');
INSERT INTO reactions (user_id, post_id, comment_id, reaction_type, created_at) VALUES (34, 18, NULL, 'haha', '2025-04-16 15:30:21');
INSERT INTO reactions (user_id, post_id, comment_id, reaction_type, created_at) VALUES (49, 18, NULL, 'haha', '2025-04-16 15:30:21');
INSERT INTO reactions (user_id, post_id, comment_id, reaction_type, created_at) VALUES (10, 18, NULL, 'wow', '2025-04-16 15:30:21');
INSERT INTO reactions (user_id, post_id, comment_id, reaction_type, created_at) VALUES (23, 18, NULL, 'angry', '2025-04-16 15:30:21');
INSERT INTO reactions (user_id, post_id, comment_id, reaction_type, created_at) VALUES (49, 18, NULL, 'sad', '2025-04-16 15:30:21');
INSERT INTO reactions (user_id, post_id, comment_id, reaction_type, created_at) VALUES (24, 18, NULL, 'love', '2025-04-16 15:30:21');
INSERT INTO reactions (user_id, post_id, comment_id, reaction_type, created_at) VALUES (41, 18, NULL, 'haha', '2025-04-16 15:30:21');
INSERT INTO comments (id, post_id, user_id, parent_comment_id, content, created_at) VALUES (104, 18, 3, NULL, 'Prove shake each stage star media brother forward.', '2025-04-16 15:30:21');
INSERT INTO reactions (user_id, post_id, comment_id, reaction_type, created_at) VALUES (39, NULL, 104, 'like', '2025-04-16 15:30:21');
INSERT INTO reactions (user_id, post_id, comment_id, reaction_type, created_at) VALUES (26, NULL, 104, 'angry', '2025-04-16 15:30:21');
INSERT INTO reactions (user_id, post_id, comment_id, reaction_type, created_at) VALUES (4, NULL, 104, 'wow', '2025-04-16 15:30:21');
INSERT INTO reactions (user_id, post_id, comment_id, reaction_type, created_at) VALUES (43, NULL, 104, 'wow', '2025-04-16 15:30:21');
INSERT INTO reactions (user_id, post_id, comment_id, reaction_type, created_at) VALUES (15, NULL, 104, 'sad', '2025-04-16 15:30:21');
INSERT INTO reactions (user_id, post_id, comment_id, reaction_type, created_at) VALUES (50, NULL, 104, 'like', '2025-04-16 15:30:21');
INSERT INTO reactions (user_id, post_id, comment_id, reaction_type, created_at) VALUES (22, NULL, 104, 'sad', '2025-04-16 15:30:21');
INSERT INTO comments (id, post_id, user_id, parent_comment_id, content, created_at) VALUES (105, 18, 1, 104, 'Economic chair family include bar.', '2025-04-16 15:30:21');
INSERT INTO reactions (user_id, post_id, comment_id, reaction_type, created_at) VALUES (49, NULL, 105, 'love', '2025-04-16 15:30:21');
INSERT INTO reactions (user_id, post_id, comment_id, reaction_type, created_at) VALUES (12, NULL, 105, 'like', '2025-04-16 15:30:21');
INSERT INTO reactions (user_id, post_id, comment_id, reaction_type, created_at) VALUES (4, NULL, 105, 'sad', '2025-04-16 15:30:21');
INSERT INTO reactions (user_id, post_id, comment_id, reaction_type, created_at) VALUES (33, NULL, 105, 'angry', '2025-04-16 15:30:21');
INSERT INTO reactions (user_id, post_id, comment_id, reaction_type, created_at) VALUES (48, NULL, 105, 'love', '2025-04-16 15:30:21');
INSERT INTO reactions (user_id, post_id, comment_id, reaction_type, created_at) VALUES (10, NULL, 105, 'haha', '2025-04-16 15:30:21');
INSERT INTO reactions (user_id, post_id, comment_id, reaction_type, created_at) VALUES (30, NULL, 105, 'angry', '2025-04-16 15:30:21');
INSERT INTO comments (id, post_id, user_id, parent_comment_id, content, created_at) VALUES (106, 18, 5, NULL, 'Have rule memory much business west huge almost.', '2025-04-16 15:30:21');
INSERT INTO reactions (user_id, post_id, comment_id, reaction_type, created_at) VALUES (2, NULL, 106, 'angry', '2025-04-16 15:30:21');
INSERT INTO reactions (user_id, post_id, comment_id, reaction_type, created_at) VALUES (13, NULL, 106, 'wow', '2025-04-16 15:30:21');
INSERT INTO reactions (user_id, post_id, comment_id, reaction_type, created_at) VALUES (44, NULL, 106, 'angry', '2025-04-16 15:30:21');
INSERT INTO reactions (user_id, post_id, comment_id, reaction_type, created_at) VALUES (44, NULL, 106, 'wow', '2025-04-16 15:30:21');
INSERT INTO reactions (user_id, post_id, comment_id, reaction_type, created_at) VALUES (10, NULL, 106, 'like', '2025-04-16 15:30:21');
INSERT INTO reactions (user_id, post_id, comment_id, reaction_type, created_at) VALUES (40, NULL, 106, 'love', '2025-04-16 15:30:21');
INSERT INTO reactions (user_id, post_id, comment_id, reaction_type, created_at) VALUES (38, NULL, 106, 'haha', '2025-04-16 15:30:21');
INSERT INTO comments (id, post_id, user_id, parent_comment_id, content, created_at) VALUES (107, 18, 3, NULL, 'Summer loss should push.', '2025-04-16 15:30:21');
INSERT INTO reactions (user_id, post_id, comment_id, reaction_type, created_at) VALUES (5, NULL, 107, 'haha', '2025-04-16 15:30:21');
INSERT INTO reactions (user_id, post_id, comment_id, reaction_type, created_at) VALUES (42, NULL, 107, 'like', '2025-04-16 15:30:21');
INSERT INTO reactions (user_id, post_id, comment_id, reaction_type, created_at) VALUES (41, NULL, 107, 'sad', '2025-04-16 15:30:21');
INSERT INTO reactions (user_id, post_id, comment_id, reaction_type, created_at) VALUES (18, NULL, 107, 'like', '2025-04-16 15:30:21');
INSERT INTO posts (id, user_id, content, media_url, is_private, created_at, updated_at) VALUES (19, 16, 'CT scans could cause 5% of cancers, study finds; experts note uncertainty - Ars Technica - The estimates are small and uncertain, but balancing risks and benefits is critical.', 'https://cdn.arstechnica.net/wp-content/uploads/2025/04/GettyImages-1315507517-1152x648.jpg', 0, '2025-04-16 15:30:21', '2025-04-16 15:30:21');
INSERT INTO reactions (user_id, post_id, comment_id, reaction_type, created_at) VALUES (44, 19, NULL, 'angry', '2025-04-16 15:30:21');
INSERT INTO reactions (user_id, post_id, comment_id, reaction_type, created_at) VALUES (1, 19, NULL, 'angry', '2025-04-16 15:30:21');
INSERT INTO reactions (user_id, post_id, comment_id, reaction_type, created_at) VALUES (16, 19, NULL, 'wow', '2025-04-16 15:30:21');
INSERT INTO reactions (user_id, post_id, comment_id, reaction_type, created_at) VALUES (4, 19, NULL, 'wow', '2025-04-16 15:30:21');
INSERT INTO reactions (user_id, post_id, comment_id, reaction_type, created_at) VALUES (22, 19, NULL, 'angry', '2025-04-16 15:30:21');
INSERT INTO reactions (user_id, post_id, comment_id, reaction_type, created_at) VALUES (4, 19, NULL, 'love', '2025-04-16 15:30:21');
INSERT INTO reactions (user_id, post_id, comment_id, reaction_type, created_at) VALUES (45, 19, NULL, 'like', '2025-04-16 15:30:21');
INSERT INTO comments (id, post_id, user_id, parent_comment_id, content, created_at) VALUES (108, 19, 9, NULL, 'Strategy able those lead receive away fight.', '2025-04-16 15:30:21');
INSERT INTO reactions (user_id, post_id, comment_id, reaction_type, created_at) VALUES (33, NULL, 108, 'like', '2025-04-16 15:30:21');
INSERT INTO reactions (user_id, post_id, comment_id, reaction_type, created_at) VALUES (11, NULL, 108, 'wow', '2025-04-16 15:30:21');
INSERT INTO reactions (user_id, post_id, comment_id, reaction_type, created_at) VALUES (47, NULL, 108, 'love', '2025-04-16 15:30:21');
INSERT INTO reactions (user_id, post_id, comment_id, reaction_type, created_at) VALUES (20, NULL, 108, 'haha', '2025-04-16 15:30:21');
INSERT INTO reported_comments (id, comment_id, reported_by, reason, created_at) VALUES (21, 108, 40, 'Spam', '2025-04-16 15:30:21');
INSERT INTO comments (id, post_id, user_id, parent_comment_id, content, created_at) VALUES (109, 19, 22, NULL, 'At full central.', '2025-04-16 15:30:21');
INSERT INTO reactions (user_id, post_id, comment_id, reaction_type, created_at) VALUES (10, NULL, 109, 'wow', '2025-04-16 15:30:21');
INSERT INTO reactions (user_id, post_id, comment_id, reaction_type, created_at) VALUES (16, NULL, 109, 'wow', '2025-04-16 15:30:21');
INSERT INTO reactions (user_id, post_id, comment_id, reaction_type, created_at) VALUES (49, NULL, 109, 'angry', '2025-04-16 15:30:21');
INSERT INTO reactions (user_id, post_id, comment_id, reaction_type, created_at) VALUES (35, NULL, 109, 'wow', '2025-04-16 15:30:21');
INSERT INTO reactions (user_id, post_id, comment_id, reaction_type, created_at) VALUES (4, NULL, 109, 'haha', '2025-04-16 15:30:21');
INSERT INTO comments (id, post_id, user_id, parent_comment_id, content, created_at) VALUES (110, 19, 28, NULL, 'Sure my environmental.', '2025-04-16 15:30:21');
INSERT INTO reactions (user_id, post_id, comment_id, reaction_type, created_at) VALUES (8, NULL, 110, 'love', '2025-04-16 15:30:21');
INSERT INTO reactions (user_id, post_id, comment_id, reaction_type, created_at) VALUES (2, NULL, 110, 'sad', '2025-04-16 15:30:21');
INSERT INTO reactions (user_id, post_id, comment_id, reaction_type, created_at) VALUES (33, NULL, 110, 'angry', '2025-04-16 15:30:21');
INSERT INTO reactions (user_id, post_id, comment_id, reaction_type, created_at) VALUES (10, NULL, 110, 'wow', '2025-04-16 15:30:21');
INSERT INTO reactions (user_id, post_id, comment_id, reaction_type, created_at) VALUES (7, NULL, 110, 'wow', '2025-04-16 15:30:21');
INSERT INTO reactions (user_id, post_id, comment_id, reaction_type, created_at) VALUES (2, NULL, 110, 'wow', '2025-04-16 15:30:21');
INSERT INTO reactions (user_id, post_id, comment_id, reaction_type, created_at) VALUES (43, NULL, 110, 'haha', '2025-04-16 15:30:21');
INSERT INTO reactions (user_id, post_id, comment_id, reaction_type, created_at) VALUES (4, NULL, 110, 'love', '2025-04-16 15:30:21');
INSERT INTO comments (id, post_id, user_id, parent_comment_id, content, created_at) VALUES (111, 19, 20, NULL, 'Station many notice major thank.', '2025-04-16 15:30:21');
INSERT INTO reactions (user_id, post_id, comment_id, reaction_type, created_at) VALUES (15, NULL, 111, 'like', '2025-04-16 15:30:21');
INSERT INTO reactions (user_id, post_id, comment_id, reaction_type, created_at) VALUES (49, NULL, 111, 'sad', '2025-04-16 15:30:21');
INSERT INTO reactions (user_id, post_id, comment_id, reaction_type, created_at) VALUES (45, NULL, 111, 'haha', '2025-04-16 15:30:21');
INSERT INTO reactions (user_id, post_id, comment_id, reaction_type, created_at) VALUES (48, NULL, 111, 'like', '2025-04-16 15:30:21');
INSERT INTO reactions (user_id, post_id, comment_id, reaction_type, created_at) VALUES (24, NULL, 111, 'haha', '2025-04-16 15:30:21');
INSERT INTO reactions (user_id, post_id, comment_id, reaction_type, created_at) VALUES (5, NULL, 111, 'wow', '2025-04-16 15:30:21');
INSERT INTO reactions (user_id, post_id, comment_id, reaction_type, created_at) VALUES (19, NULL, 111, 'love', '2025-04-16 15:30:21');
INSERT INTO reactions (user_id, post_id, comment_id, reaction_type, created_at) VALUES (49, NULL, 111, 'love', '2025-04-16 15:30:21');
INSERT INTO reactions (user_id, post_id, comment_id, reaction_type, created_at) VALUES (47, NULL, 111, 'like', '2025-04-16 15:30:21');
INSERT INTO reactions (user_id, post_id, comment_id, reaction_type, created_at) VALUES (49, NULL, 111, 'sad', '2025-04-16 15:30:21');
INSERT INTO comments (id, post_id, user_id, parent_comment_id, content, created_at) VALUES (112, 19, 31, NULL, 'Price term doctor rather.', '2025-04-16 15:30:21');
INSERT INTO reactions (user_id, post_id, comment_id, reaction_type, created_at) VALUES (42, NULL, 112, 'love', '2025-04-16 15:30:21');
INSERT INTO reactions (user_id, post_id, comment_id, reaction_type, created_at) VALUES (40, NULL, 112, 'like', '2025-04-16 15:30:21');
INSERT INTO reactions (user_id, post_id, comment_id, reaction_type, created_at) VALUES (47, NULL, 112, 'like', '2025-04-16 15:30:21');
INSERT INTO reactions (user_id, post_id, comment_id, reaction_type, created_at) VALUES (18, NULL, 112, 'angry', '2025-04-16 15:30:21');
INSERT INTO comments (id, post_id, user_id, parent_comment_id, content, created_at) VALUES (113, 19, 50, NULL, 'Play trip wall any.', '2025-04-16 15:30:21');
INSERT INTO reactions (user_id, post_id, comment_id, reaction_type, created_at) VALUES (18, NULL, 113, 'love', '2025-04-16 15:30:21');
INSERT INTO reactions (user_id, post_id, comment_id, reaction_type, created_at) VALUES (33, NULL, 113, 'love', '2025-04-16 15:30:21');
INSERT INTO reactions (user_id, post_id, comment_id, reaction_type, created_at) VALUES (13, NULL, 113, 'angry', '2025-04-16 15:30:21');
INSERT INTO reactions (user_id, post_id, comment_id, reaction_type, created_at) VALUES (13, NULL, 113, 'haha', '2025-04-16 15:30:21');
INSERT INTO reactions (user_id, post_id, comment_id, reaction_type, created_at) VALUES (46, NULL, 113, 'sad', '2025-04-16 15:30:21');
INSERT INTO reactions (user_id, post_id, comment_id, reaction_type, created_at) VALUES (18, NULL, 113, 'angry', '2025-04-16 15:30:21');
INSERT INTO reactions (user_id, post_id, comment_id, reaction_type, created_at) VALUES (38, NULL, 113, 'sad', '2025-04-16 15:30:21');
INSERT INTO reactions (user_id, post_id, comment_id, reaction_type, created_at) VALUES (44, NULL, 113, 'angry', '2025-04-16 15:30:21');
INSERT INTO reactions (user_id, post_id, comment_id, reaction_type, created_at) VALUES (34, NULL, 113, 'wow', '2025-04-16 15:30:21');
INSERT INTO comments (id, post_id, user_id, parent_comment_id, content, created_at) VALUES (114, 19, 10, NULL, 'Cut brother force receive picture bill.', '2025-04-16 15:30:21');
INSERT INTO reactions (user_id, post_id, comment_id, reaction_type, created_at) VALUES (25, NULL, 114, 'sad', '2025-04-16 15:30:21');
INSERT INTO reactions (user_id, post_id, comment_id, reaction_type, created_at) VALUES (25, NULL, 114, 'love', '2025-04-16 15:30:21');
INSERT INTO reactions (user_id, post_id, comment_id, reaction_type, created_at) VALUES (30, NULL, 114, 'like', '2025-04-16 15:30:21');
INSERT INTO reactions (user_id, post_id, comment_id, reaction_type, created_at) VALUES (28, NULL, 114, 'sad', '2025-04-16 15:30:21');
INSERT INTO reactions (user_id, post_id, comment_id, reaction_type, created_at) VALUES (45, NULL, 114, 'love', '2025-04-16 15:30:21');
INSERT INTO reactions (user_id, post_id, comment_id, reaction_type, created_at) VALUES (41, NULL, 114, 'angry', '2025-04-16 15:30:21');
INSERT INTO comments (id, post_id, user_id, parent_comment_id, content, created_at) VALUES (115, 19, 33, 114, 'Then industry think reveal fish.', '2025-04-16 15:30:21');
INSERT INTO reactions (user_id, post_id, comment_id, reaction_type, created_at) VALUES (16, NULL, 115, 'sad', '2025-04-16 15:30:21');
INSERT INTO reactions (user_id, post_id, comment_id, reaction_type, created_at) VALUES (34, NULL, 115, 'like', '2025-04-16 15:30:21');
INSERT INTO reactions (user_id, post_id, comment_id, reaction_type, created_at) VALUES (45, NULL, 115, 'like', '2025-04-16 15:30:21');
INSERT INTO comments (id, post_id, user_id, parent_comment_id, content, created_at) VALUES (116, 19, 16, 115, 'Could international according or maintain company.', '2025-04-16 15:30:21');
INSERT INTO reactions (user_id, post_id, comment_id, reaction_type, created_at) VALUES (5, NULL, 116, 'love', '2025-04-16 15:30:21');
INSERT INTO reactions (user_id, post_id, comment_id, reaction_type, created_at) VALUES (7, NULL, 116, 'angry', '2025-04-16 15:30:21');
INSERT INTO reactions (user_id, post_id, comment_id, reaction_type, created_at) VALUES (21, NULL, 116, 'love', '2025-04-16 15:30:21');
INSERT INTO reactions (user_id, post_id, comment_id, reaction_type, created_at) VALUES (28, NULL, 116, 'love', '2025-04-16 15:30:21');
INSERT INTO reactions (user_id, post_id, comment_id, reaction_type, created_at) VALUES (35, NULL, 116, 'wow', '2025-04-16 15:30:21');
INSERT INTO reactions (user_id, post_id, comment_id, reaction_type, created_at) VALUES (45, NULL, 116, 'angry', '2025-04-16 15:30:21');
INSERT INTO reactions (user_id, post_id, comment_id, reaction_type, created_at) VALUES (39, NULL, 116, 'sad', '2025-04-16 15:30:21');
INSERT INTO reactions (user_id, post_id, comment_id, reaction_type, created_at) VALUES (35, NULL, 116, 'sad', '2025-04-16 15:30:21');
INSERT INTO reactions (user_id, post_id, comment_id, reaction_type, created_at) VALUES (23, NULL, 116, 'sad', '2025-04-16 15:30:21');
INSERT INTO reactions (user_id, post_id, comment_id, reaction_type, created_at) VALUES (28, NULL, 116, 'love', '2025-04-16 15:30:21');
INSERT INTO posts (id, user_id, content, media_url, is_private, created_at, updated_at) VALUES (20, 41, 'British Steel to get supplies to keep furnaces burning - BBC - The government says the Scunthorpe plant will receive raw materials from the US and Australia.', 'https://ichef.bbci.co.uk/news/1024/branded_news/e61b/live/e5f83b80-1964-11f0-9519-1df0e5f825fc.jpg', 1, '2025-04-16 15:30:21', '2025-04-16 15:30:21');
INSERT INTO reactions (user_id, post_id, comment_id, reaction_type, created_at) VALUES (43, 20, NULL, 'wow', '2025-04-16 15:30:21');
INSERT INTO reactions (user_id, post_id, comment_id, reaction_type, created_at) VALUES (6, 20, NULL, 'haha', '2025-04-16 15:30:21');
INSERT INTO reactions (user_id, post_id, comment_id, reaction_type, created_at) VALUES (32, 20, NULL, 'wow', '2025-04-16 15:30:21');
INSERT INTO reactions (user_id, post_id, comment_id, reaction_type, created_at) VALUES (14, 20, NULL, 'like', '2025-04-16 15:30:21');
INSERT INTO reactions (user_id, post_id, comment_id, reaction_type, created_at) VALUES (5, 20, NULL, 'angry', '2025-04-16 15:30:21');
INSERT INTO comments (id, post_id, user_id, parent_comment_id, content, created_at) VALUES (117, 20, 4, NULL, 'Dark true to talk theory each themselves.', '2025-04-16 15:30:21');
INSERT INTO reactions (user_id, post_id, comment_id, reaction_type, created_at) VALUES (18, NULL, 117, 'angry', '2025-04-16 15:30:21');
INSERT INTO reactions (user_id, post_id, comment_id, reaction_type, created_at) VALUES (36, NULL, 117, 'sad', '2025-04-16 15:30:21');
INSERT INTO reactions (user_id, post_id, comment_id, reaction_type, created_at) VALUES (45, NULL, 117, 'like', '2025-04-16 15:30:21');
INSERT INTO reactions (user_id, post_id, comment_id, reaction_type, created_at) VALUES (45, NULL, 117, 'haha', '2025-04-16 15:30:21');
INSERT INTO reactions (user_id, post_id, comment_id, reaction_type, created_at) VALUES (37, NULL, 117, 'wow', '2025-04-16 15:30:21');
INSERT INTO reactions (user_id, post_id, comment_id, reaction_type, created_at) VALUES (32, NULL, 117, 'love', '2025-04-16 15:30:21');
INSERT INTO reactions (user_id, post_id, comment_id, reaction_type, created_at) VALUES (22, NULL, 117, 'love', '2025-04-16 15:30:21');
INSERT INTO reactions (user_id, post_id, comment_id, reaction_type, created_at) VALUES (27, NULL, 117, 'like', '2025-04-16 15:30:21');
INSERT INTO comments (id, post_id, user_id, parent_comment_id, content, created_at) VALUES (118, 20, 40, 117, 'Campaign early writer start today purpose.', '2025-04-16 15:30:21');
INSERT INTO reactions (user_id, post_id, comment_id, reaction_type, created_at) VALUES (26, NULL, 118, 'like', '2025-04-16 15:30:21');
INSERT INTO reactions (user_id, post_id, comment_id, reaction_type, created_at) VALUES (29, NULL, 118, 'wow', '2025-04-16 15:30:21');
INSERT INTO reactions (user_id, post_id, comment_id, reaction_type, created_at) VALUES (43, NULL, 118, 'sad', '2025-04-16 15:30:21');
INSERT INTO reactions (user_id, post_id, comment_id, reaction_type, created_at) VALUES (48, NULL, 118, 'haha', '2025-04-16 15:30:21');
INSERT INTO reactions (user_id, post_id, comment_id, reaction_type, created_at) VALUES (36, NULL, 118, 'haha', '2025-04-16 15:30:21');
INSERT INTO comments (id, post_id, user_id, parent_comment_id, content, created_at) VALUES (119, 20, 47, NULL, 'Day doctor glass interest government.', '2025-04-16 15:30:21');
INSERT INTO reactions (user_id, post_id, comment_id, reaction_type, created_at) VALUES (15, NULL, 119, 'like', '2025-04-16 15:30:21');
INSERT INTO reactions (user_id, post_id, comment_id, reaction_type, created_at) VALUES (25, NULL, 119, 'love', '2025-04-16 15:30:21');
INSERT INTO reactions (user_id, post_id, comment_id, reaction_type, created_at) VALUES (6, NULL, 119, 'wow', '2025-04-16 15:30:21');
INSERT INTO reactions (user_id, post_id, comment_id, reaction_type, created_at) VALUES (11, NULL, 119, 'sad', '2025-04-16 15:30:21');
INSERT INTO reactions (user_id, post_id, comment_id, reaction_type, created_at) VALUES (47, NULL, 119, 'sad', '2025-04-16 15:30:21');
INSERT INTO comments (id, post_id, user_id, parent_comment_id, content, created_at) VALUES (120, 20, 25, 119, 'Use central great interview center.', '2025-04-16 15:30:21');
INSERT INTO reactions (user_id, post_id, comment_id, reaction_type, created_at) VALUES (45, NULL, 120, 'angry', '2025-04-16 15:30:21');
INSERT INTO posts (id, user_id, content, media_url, is_private, created_at, updated_at) VALUES (21, 34, '17 prospects to attend 2025 NFL Draft in Green Bay - Cleveland Browns - The 2025 NFL Draft is set to begin on April 24', 'https://static.clubs.nfl.com/image/upload/t_editorial_landscape_12_desktop/browns/hrexzvxysjmu1jgf8zep', 0, '2025-04-16 15:30:21', '2025-04-16 15:30:21');
INSERT INTO reactions (user_id, post_id, comment_id, reaction_type, created_at) VALUES (4, 21, NULL, 'haha', '2025-04-16 15:30:21');
INSERT INTO reactions (user_id, post_id, comment_id, reaction_type, created_at) VALUES (8, 21, NULL, 'love', '2025-04-16 15:30:21');
INSERT INTO reactions (user_id, post_id, comment_id, reaction_type, created_at) VALUES (37, 21, NULL, 'haha', '2025-04-16 15:30:21');
INSERT INTO reactions (user_id, post_id, comment_id, reaction_type, created_at) VALUES (15, 21, NULL, 'love', '2025-04-16 15:30:21');
INSERT INTO reactions (user_id, post_id, comment_id, reaction_type, created_at) VALUES (2, 21, NULL, 'like', '2025-04-16 15:30:21');
INSERT INTO reactions (user_id, post_id, comment_id, reaction_type, created_at) VALUES (16, 21, NULL, 'haha', '2025-04-16 15:30:21');
INSERT INTO reactions (user_id, post_id, comment_id, reaction_type, created_at) VALUES (29, 21, NULL, 'sad', '2025-04-16 15:30:21');
INSERT INTO reactions (user_id, post_id, comment_id, reaction_type, created_at) VALUES (48, 21, NULL, 'like', '2025-04-16 15:30:21');
INSERT INTO reactions (user_id, post_id, comment_id, reaction_type, created_at) VALUES (34, 21, NULL, 'wow', '2025-04-16 15:30:21');
INSERT INTO reactions (user_id, post_id, comment_id, reaction_type, created_at) VALUES (33, 21, NULL, 'haha', '2025-04-16 15:30:21');
INSERT INTO comments (id, post_id, user_id, parent_comment_id, content, created_at) VALUES (121, 21, 6, NULL, 'Close beat major off bill.', '2025-04-16 15:30:21');
INSERT INTO reactions (user_id, post_id, comment_id, reaction_type, created_at) VALUES (2, NULL, 121, 'wow', '2025-04-16 15:30:21');
INSERT INTO reported_comments (id, comment_id, reported_by, reason, created_at) VALUES (22, 121, 21, 'Other', '2025-04-16 15:30:21');
INSERT INTO comments (id, post_id, user_id, parent_comment_id, content, created_at) VALUES (122, 21, 8, NULL, 'Society responsibility join fast produce politics pick.', '2025-04-16 15:30:21');
INSERT INTO reactions (user_id, post_id, comment_id, reaction_type, created_at) VALUES (36, NULL, 122, 'like', '2025-04-16 15:30:21');
INSERT INTO reactions (user_id, post_id, comment_id, reaction_type, created_at) VALUES (26, NULL, 122, 'love', '2025-04-16 15:30:21');
INSERT INTO reactions (user_id, post_id, comment_id, reaction_type, created_at) VALUES (39, NULL, 122, 'love', '2025-04-16 15:30:21');
INSERT INTO reactions (user_id, post_id, comment_id, reaction_type, created_at) VALUES (6, NULL, 122, 'haha', '2025-04-16 15:30:21');
INSERT INTO comments (id, post_id, user_id, parent_comment_id, content, created_at) VALUES (123, 21, 37, 122, 'Somebody out candidate recently base Mr begin page.', '2025-04-16 15:30:21');
INSERT INTO reactions (user_id, post_id, comment_id, reaction_type, created_at) VALUES (49, NULL, 123, 'love', '2025-04-16 15:30:21');
INSERT INTO reactions (user_id, post_id, comment_id, reaction_type, created_at) VALUES (14, NULL, 123, 'wow', '2025-04-16 15:30:21');
INSERT INTO reactions (user_id, post_id, comment_id, reaction_type, created_at) VALUES (2, NULL, 123, 'love', '2025-04-16 15:30:21');
INSERT INTO reactions (user_id, post_id, comment_id, reaction_type, created_at) VALUES (24, NULL, 123, 'like', '2025-04-16 15:30:21');
INSERT INTO reactions (user_id, post_id, comment_id, reaction_type, created_at) VALUES (41, NULL, 123, 'like', '2025-04-16 15:30:21');
INSERT INTO reactions (user_id, post_id, comment_id, reaction_type, created_at) VALUES (7, NULL, 123, 'like', '2025-04-16 15:30:21');
INSERT INTO reactions (user_id, post_id, comment_id, reaction_type, created_at) VALUES (32, NULL, 123, 'haha', '2025-04-16 15:30:21');
INSERT INTO reactions (user_id, post_id, comment_id, reaction_type, created_at) VALUES (33, NULL, 123, 'wow', '2025-04-16 15:30:21');
INSERT INTO reactions (user_id, post_id, comment_id, reaction_type, created_at) VALUES (37, NULL, 123, 'like', '2025-04-16 15:30:21');
INSERT INTO reactions (user_id, post_id, comment_id, reaction_type, created_at) VALUES (6, NULL, 123, 'love', '2025-04-16 15:30:21');
INSERT INTO comments (id, post_id, user_id, parent_comment_id, content, created_at) VALUES (124, 21, 50, NULL, 'Less the field response.', '2025-04-16 15:30:21');
INSERT INTO reactions (user_id, post_id, comment_id, reaction_type, created_at) VALUES (14, NULL, 124, 'angry', '2025-04-16 15:30:21');
INSERT INTO comments (id, post_id, user_id, parent_comment_id, content, created_at) VALUES (125, 21, 40, NULL, 'Usually authority Republican book city fish market number.', '2025-04-16 15:30:21');
INSERT INTO reactions (user_id, post_id, comment_id, reaction_type, created_at) VALUES (9, NULL, 125, 'love', '2025-04-16 15:30:21');
INSERT INTO reactions (user_id, post_id, comment_id, reaction_type, created_at) VALUES (2, NULL, 125, 'like', '2025-04-16 15:30:21');
INSERT INTO reactions (user_id, post_id, comment_id, reaction_type, created_at) VALUES (45, NULL, 125, 'sad', '2025-04-16 15:30:21');
INSERT INTO reactions (user_id, post_id, comment_id, reaction_type, created_at) VALUES (49, NULL, 125, 'haha', '2025-04-16 15:30:21');
INSERT INTO reactions (user_id, post_id, comment_id, reaction_type, created_at) VALUES (28, NULL, 125, 'love', '2025-04-16 15:30:21');
INSERT INTO reactions (user_id, post_id, comment_id, reaction_type, created_at) VALUES (11, NULL, 125, 'love', '2025-04-16 15:30:21');
INSERT INTO reactions (user_id, post_id, comment_id, reaction_type, created_at) VALUES (1, NULL, 125, 'like', '2025-04-16 15:30:21');
INSERT INTO reactions (user_id, post_id, comment_id, reaction_type, created_at) VALUES (18, NULL, 125, 'love', '2025-04-16 15:30:21');
INSERT INTO comments (id, post_id, user_id, parent_comment_id, content, created_at) VALUES (126, 21, 4, NULL, 'American consider sister bar.', '2025-04-16 15:30:21');
INSERT INTO reactions (user_id, post_id, comment_id, reaction_type, created_at) VALUES (23, NULL, 126, 'angry', '2025-04-16 15:30:21');
INSERT INTO reactions (user_id, post_id, comment_id, reaction_type, created_at) VALUES (14, NULL, 126, 'angry', '2025-04-16 15:30:21');
INSERT INTO reactions (user_id, post_id, comment_id, reaction_type, created_at) VALUES (41, NULL, 126, 'love', '2025-04-16 15:30:21');
INSERT INTO reactions (user_id, post_id, comment_id, reaction_type, created_at) VALUES (14, NULL, 126, 'love', '2025-04-16 15:30:21');
INSERT INTO comments (id, post_id, user_id, parent_comment_id, content, created_at) VALUES (127, 21, 9, NULL, 'Early foot on close degree.', '2025-04-16 15:30:21');
INSERT INTO reactions (user_id, post_id, comment_id, reaction_type, created_at) VALUES (33, NULL, 127, 'haha', '2025-04-16 15:30:21');
INSERT INTO reactions (user_id, post_id, comment_id, reaction_type, created_at) VALUES (23, NULL, 127, 'sad', '2025-04-16 15:30:21');
INSERT INTO reactions (user_id, post_id, comment_id, reaction_type, created_at) VALUES (12, NULL, 127, 'love', '2025-04-16 15:30:21');
INSERT INTO reactions (user_id, post_id, comment_id, reaction_type, created_at) VALUES (20, NULL, 127, 'wow', '2025-04-16 15:30:21');
INSERT INTO comments (id, post_id, user_id, parent_comment_id, content, created_at) VALUES (128, 21, 11, NULL, 'Role mission former computer.', '2025-04-16 15:30:21');
INSERT INTO reactions (user_id, post_id, comment_id, reaction_type, created_at) VALUES (1, NULL, 128, 'wow', '2025-04-16 15:30:21');
INSERT INTO reactions (user_id, post_id, comment_id, reaction_type, created_at) VALUES (15, NULL, 128, 'like', '2025-04-16 15:30:21');
INSERT INTO reactions (user_id, post_id, comment_id, reaction_type, created_at) VALUES (16, NULL, 128, 'like', '2025-04-16 15:30:21');
INSERT INTO reactions (user_id, post_id, comment_id, reaction_type, created_at) VALUES (20, NULL, 128, 'angry', '2025-04-16 15:30:21');
INSERT INTO reactions (user_id, post_id, comment_id, reaction_type, created_at) VALUES (32, NULL, 128, 'sad', '2025-04-16 15:30:21');
INSERT INTO reactions (user_id, post_id, comment_id, reaction_type, created_at) VALUES (27, NULL, 128, 'sad', '2025-04-16 15:30:21');
INSERT INTO reactions (user_id, post_id, comment_id, reaction_type, created_at) VALUES (40, NULL, 128, 'love', '2025-04-16 15:30:21');
INSERT INTO reactions (user_id, post_id, comment_id, reaction_type, created_at) VALUES (25, NULL, 128, 'sad', '2025-04-16 15:30:21');
INSERT INTO reactions (user_id, post_id, comment_id, reaction_type, created_at) VALUES (47, NULL, 128, 'sad', '2025-04-16 15:30:21');
INSERT INTO reported_comments (id, comment_id, reported_by, reason, created_at) VALUES (23, 128, 27, 'Other', '2025-04-16 15:30:21');
INSERT INTO comments (id, post_id, user_id, parent_comment_id, content, created_at) VALUES (129, 21, 7, 128, 'Clear century dog letter bill themselves.', '2025-04-16 15:30:21');
INSERT INTO reactions (user_id, post_id, comment_id, reaction_type, created_at) VALUES (20, NULL, 129, 'angry', '2025-04-16 15:30:21');
INSERT INTO reactions (user_id, post_id, comment_id, reaction_type, created_at) VALUES (7, NULL, 129, 'wow', '2025-04-16 15:30:21');
INSERT INTO posts (id, user_id, content, media_url, is_private, created_at, updated_at) VALUES (22, 28, 'Vaccine expert worries child measles deaths are being ''normalized'' - NPR - Measles is an extremely contagious disease. It''s also extremely preventable. There''s a vaccine. It''s highly effective. <br><br>For decades it has made measles outbreaks in the U.S. relatively rare, and measles deaths rarer still. But the U.S. has now seen mor…', 'https://media.npr.org/assets/img/2025/04/14/gettyimages-1231790708-resize_wide-875a8b6c20c04a348a0ca5fbe4411f981fadbe80.jpg?s=1400&c=100&f=jpeg', 0, '2025-04-16 15:30:21', '2025-04-16 15:30:21');
INSERT INTO reactions (user_id, post_id, comment_id, reaction_type, created_at) VALUES (43, 22, NULL, 'haha', '2025-04-16 15:30:21');
INSERT INTO reactions (user_id, post_id, comment_id, reaction_type, created_at) VALUES (23, 22, NULL, 'angry', '2025-04-16 15:30:21');
INSERT INTO comments (id, post_id, user_id, parent_comment_id, content, created_at) VALUES (130, 22, 24, NULL, 'Send find good include detail.', '2025-04-16 15:30:21');
INSERT INTO reactions (user_id, post_id, comment_id, reaction_type, created_at) VALUES (50, NULL, 130, 'love', '2025-04-16 15:30:21');
INSERT INTO comments (id, post_id, user_id, parent_comment_id, content, created_at) VALUES (131, 22, 12, NULL, 'Able cup parent across run.', '2025-04-16 15:30:21');
INSERT INTO reactions (user_id, post_id, comment_id, reaction_type, created_at) VALUES (48, NULL, 131, 'sad', '2025-04-16 15:30:21');
INSERT INTO reactions (user_id, post_id, comment_id, reaction_type, created_at) VALUES (31, NULL, 131, 'sad', '2025-04-16 15:30:21');
INSERT INTO reactions (user_id, post_id, comment_id, reaction_type, created_at) VALUES (4, NULL, 131, 'love', '2025-04-16 15:30:21');
INSERT INTO reactions (user_id, post_id, comment_id, reaction_type, created_at) VALUES (22, NULL, 131, 'love', '2025-04-16 15:30:21');
INSERT INTO reactions (user_id, post_id, comment_id, reaction_type, created_at) VALUES (14, NULL, 131, 'love', '2025-04-16 15:30:21');
INSERT INTO reactions (user_id, post_id, comment_id, reaction_type, created_at) VALUES (35, NULL, 131, 'wow', '2025-04-16 15:30:21');
INSERT INTO reactions (user_id, post_id, comment_id, reaction_type, created_at) VALUES (16, NULL, 131, 'love', '2025-04-16 15:30:21');
INSERT INTO reactions (user_id, post_id, comment_id, reaction_type, created_at) VALUES (29, NULL, 131, 'love', '2025-04-16 15:30:21');
INSERT INTO comments (id, post_id, user_id, parent_comment_id, content, created_at) VALUES (132, 22, 41, 131, 'On bag with discover senior money back current.', '2025-04-16 15:30:21');
INSERT INTO reactions (user_id, post_id, comment_id, reaction_type, created_at) VALUES (14, NULL, 132, 'haha', '2025-04-16 15:30:21');
INSERT INTO reactions (user_id, post_id, comment_id, reaction_type, created_at) VALUES (11, NULL, 132, 'sad', '2025-04-16 15:30:21');
INSERT INTO reactions (user_id, post_id, comment_id, reaction_type, created_at) VALUES (48, NULL, 132, 'haha', '2025-04-16 15:30:21');
INSERT INTO reactions (user_id, post_id, comment_id, reaction_type, created_at) VALUES (40, NULL, 132, 'angry', '2025-04-16 15:30:21');
INSERT INTO comments (id, post_id, user_id, parent_comment_id, content, created_at) VALUES (133, 22, 41, 132, 'Bag role drug oil.', '2025-04-16 15:30:21');
INSERT INTO reactions (user_id, post_id, comment_id, reaction_type, created_at) VALUES (1, NULL, 133, 'sad', '2025-04-16 15:30:21');
INSERT INTO reactions (user_id, post_id, comment_id, reaction_type, created_at) VALUES (21, NULL, 133, 'angry', '2025-04-16 15:30:21');
INSERT INTO reactions (user_id, post_id, comment_id, reaction_type, created_at) VALUES (25, NULL, 133, 'wow', '2025-04-16 15:30:21');
INSERT INTO reactions (user_id, post_id, comment_id, reaction_type, created_at) VALUES (41, NULL, 133, 'angry', '2025-04-16 15:30:21');
INSERT INTO comments (id, post_id, user_id, parent_comment_id, content, created_at) VALUES (134, 22, 13, NULL, 'Series prepare particular computer.', '2025-04-16 15:30:21');
INSERT INTO reactions (user_id, post_id, comment_id, reaction_type, created_at) VALUES (33, NULL, 134, 'haha', '2025-04-16 15:30:21');
INSERT INTO reactions (user_id, post_id, comment_id, reaction_type, created_at) VALUES (26, NULL, 134, 'haha', '2025-04-16 15:30:21');
INSERT INTO reactions (user_id, post_id, comment_id, reaction_type, created_at) VALUES (33, NULL, 134, 'like', '2025-04-16 15:30:21');
INSERT INTO reactions (user_id, post_id, comment_id, reaction_type, created_at) VALUES (40, NULL, 134, 'angry', '2025-04-16 15:30:21');
INSERT INTO reactions (user_id, post_id, comment_id, reaction_type, created_at) VALUES (43, NULL, 134, 'like', '2025-04-16 15:30:21');
INSERT INTO posts (id, user_id, content, media_url, is_private, created_at, updated_at) VALUES (23, 16, 'Steph Curry Congratulates Rory McIlroy on Masters Win With Four-Word Message - Sports Illustrated - McIlroy got his green jacket on Sunday night.', 'https://images2.minutemediacdn.com/image/upload/c_crop,w_6107,h_3435,x_0,y_485/c_fill,w_1440,ar_16:9,f_auto,q_auto,g_auto/images/ImagnImages/mmsport/si/01jrv0q33zn9q62jbwv5.jpg', 0, '2025-04-16 15:30:21', '2025-04-16 15:30:21');
INSERT INTO reactions (user_id, post_id, comment_id, reaction_type, created_at) VALUES (40, 23, NULL, 'angry', '2025-04-16 15:30:21');
INSERT INTO reactions (user_id, post_id, comment_id, reaction_type, created_at) VALUES (31, 23, NULL, 'like', '2025-04-16 15:30:21');
INSERT INTO reactions (user_id, post_id, comment_id, reaction_type, created_at) VALUES (23, 23, NULL, 'haha', '2025-04-16 15:30:21');
INSERT INTO reactions (user_id, post_id, comment_id, reaction_type, created_at) VALUES (1, 23, NULL, 'like', '2025-04-16 15:30:21');
INSERT INTO reactions (user_id, post_id, comment_id, reaction_type, created_at) VALUES (26, 23, NULL, 'haha', '2025-04-16 15:30:21');
INSERT INTO reactions (user_id, post_id, comment_id, reaction_type, created_at) VALUES (5, 23, NULL, 'haha', '2025-04-16 15:30:21');
INSERT INTO reactions (user_id, post_id, comment_id, reaction_type, created_at) VALUES (42, 23, NULL, 'love', '2025-04-16 15:30:21');
INSERT INTO reactions (user_id, post_id, comment_id, reaction_type, created_at) VALUES (32, 23, NULL, 'like', '2025-04-16 15:30:21');
INSERT INTO reactions (user_id, post_id, comment_id, reaction_type, created_at) VALUES (22, 23, NULL, 'love', '2025-04-16 15:30:21');
INSERT INTO comments (id, post_id, user_id, parent_comment_id, content, created_at) VALUES (135, 23, 21, NULL, 'Degree budget ground media quality she affect enough.', '2025-04-16 15:30:21');
INSERT INTO reactions (user_id, post_id, comment_id, reaction_type, created_at) VALUES (4, NULL, 135, 'love', '2025-04-16 15:30:21');
INSERT INTO reactions (user_id, post_id, comment_id, reaction_type, created_at) VALUES (38, NULL, 135, 'sad', '2025-04-16 15:30:21');
INSERT INTO reactions (user_id, post_id, comment_id, reaction_type, created_at) VALUES (15, NULL, 135, 'wow', '2025-04-16 15:30:21');
INSERT INTO reactions (user_id, post_id, comment_id, reaction_type, created_at) VALUES (24, NULL, 135, 'love', '2025-04-16 15:30:21');
INSERT INTO reactions (user_id, post_id, comment_id, reaction_type, created_at) VALUES (48, NULL, 135, 'angry', '2025-04-16 15:30:21');
INSERT INTO reactions (user_id, post_id, comment_id, reaction_type, created_at) VALUES (9, NULL, 135, 'love', '2025-04-16 15:30:21');
INSERT INTO reactions (user_id, post_id, comment_id, reaction_type, created_at) VALUES (16, NULL, 135, 'love', '2025-04-16 15:30:21');
INSERT INTO reactions (user_id, post_id, comment_id, reaction_type, created_at) VALUES (50, NULL, 135, 'haha', '2025-04-16 15:30:21');
INSERT INTO reactions (user_id, post_id, comment_id, reaction_type, created_at) VALUES (35, NULL, 135, 'love', '2025-04-16 15:30:21');
INSERT INTO reactions (user_id, post_id, comment_id, reaction_type, created_at) VALUES (13, NULL, 135, 'haha', '2025-04-16 15:30:21');
INSERT INTO reported_comments (id, comment_id, reported_by, reason, created_at) VALUES (24, 135, 5, 'Harassment', '2025-04-16 15:30:21');
INSERT INTO comments (id, post_id, user_id, parent_comment_id, content, created_at) VALUES (136, 23, 13, NULL, 'Physical star forget evidence space few floor nor.', '2025-04-16 15:30:21');
INSERT INTO reactions (user_id, post_id, comment_id, reaction_type, created_at) VALUES (19, NULL, 136, 'angry', '2025-04-16 15:30:21');
INSERT INTO reactions (user_id, post_id, comment_id, reaction_type, created_at) VALUES (15, NULL, 136, 'wow', '2025-04-16 15:30:21');
INSERT INTO reactions (user_id, post_id, comment_id, reaction_type, created_at) VALUES (10, NULL, 136, 'like', '2025-04-16 15:30:21');
INSERT INTO reactions (user_id, post_id, comment_id, reaction_type, created_at) VALUES (32, NULL, 136, 'haha', '2025-04-16 15:30:21');
INSERT INTO reactions (user_id, post_id, comment_id, reaction_type, created_at) VALUES (2, NULL, 136, 'sad', '2025-04-16 15:30:21');
INSERT INTO reactions (user_id, post_id, comment_id, reaction_type, created_at) VALUES (5, NULL, 136, 'haha', '2025-04-16 15:30:21');
INSERT INTO reactions (user_id, post_id, comment_id, reaction_type, created_at) VALUES (3, NULL, 136, 'haha', '2025-04-16 15:30:21');
INSERT INTO reactions (user_id, post_id, comment_id, reaction_type, created_at) VALUES (33, NULL, 136, 'wow', '2025-04-16 15:30:21');
INSERT INTO comments (id, post_id, user_id, parent_comment_id, content, created_at) VALUES (137, 23, 12, NULL, 'Expect run service none least far explain over.', '2025-04-16 15:30:21');
INSERT INTO reactions (user_id, post_id, comment_id, reaction_type, created_at) VALUES (5, NULL, 137, 'sad', '2025-04-16 15:30:21');
INSERT INTO reactions (user_id, post_id, comment_id, reaction_type, created_at) VALUES (15, NULL, 137, 'sad', '2025-04-16 15:30:21');
INSERT INTO comments (id, post_id, user_id, parent_comment_id, content, created_at) VALUES (138, 23, 47, NULL, 'Kitchen state about international local.', '2025-04-16 15:30:21');
INSERT INTO reactions (user_id, post_id, comment_id, reaction_type, created_at) VALUES (29, NULL, 138, 'haha', '2025-04-16 15:30:21');
INSERT INTO reactions (user_id, post_id, comment_id, reaction_type, created_at) VALUES (36, NULL, 138, 'angry', '2025-04-16 15:30:21');
INSERT INTO reactions (user_id, post_id, comment_id, reaction_type, created_at) VALUES (49, NULL, 138, 'wow', '2025-04-16 15:30:21');
INSERT INTO reactions (user_id, post_id, comment_id, reaction_type, created_at) VALUES (41, NULL, 138, 'haha', '2025-04-16 15:30:21');
INSERT INTO reactions (user_id, post_id, comment_id, reaction_type, created_at) VALUES (48, NULL, 138, 'wow', '2025-04-16 15:30:21');
INSERT INTO reactions (user_id, post_id, comment_id, reaction_type, created_at) VALUES (16, NULL, 138, 'haha', '2025-04-16 15:30:21');
INSERT INTO reactions (user_id, post_id, comment_id, reaction_type, created_at) VALUES (48, NULL, 138, 'love', '2025-04-16 15:30:21');
INSERT INTO reactions (user_id, post_id, comment_id, reaction_type, created_at) VALUES (30, NULL, 138, 'wow', '2025-04-16 15:30:21');
INSERT INTO reactions (user_id, post_id, comment_id, reaction_type, created_at) VALUES (6, NULL, 138, 'sad', '2025-04-16 15:30:21');
INSERT INTO comments (id, post_id, user_id, parent_comment_id, content, created_at) VALUES (139, 23, 39, NULL, 'Red character top need government.', '2025-04-16 15:30:21');
INSERT INTO reactions (user_id, post_id, comment_id, reaction_type, created_at) VALUES (39, NULL, 139, 'love', '2025-04-16 15:30:21');
INSERT INTO reactions (user_id, post_id, comment_id, reaction_type, created_at) VALUES (17, NULL, 139, 'angry', '2025-04-16 15:30:21');
INSERT INTO reactions (user_id, post_id, comment_id, reaction_type, created_at) VALUES (9, NULL, 139, 'sad', '2025-04-16 15:30:21');
INSERT INTO reactions (user_id, post_id, comment_id, reaction_type, created_at) VALUES (45, NULL, 139, 'angry', '2025-04-16 15:30:21');
INSERT INTO reactions (user_id, post_id, comment_id, reaction_type, created_at) VALUES (29, NULL, 139, 'wow', '2025-04-16 15:30:21');
INSERT INTO reactions (user_id, post_id, comment_id, reaction_type, created_at) VALUES (24, NULL, 139, 'sad', '2025-04-16 15:30:21');
INSERT INTO comments (id, post_id, user_id, parent_comment_id, content, created_at) VALUES (140, 23, 6, NULL, 'Response final develop institution perform exactly fill.', '2025-04-16 15:30:21');
INSERT INTO reactions (user_id, post_id, comment_id, reaction_type, created_at) VALUES (1, NULL, 140, 'wow', '2025-04-16 15:30:21');
INSERT INTO reactions (user_id, post_id, comment_id, reaction_type, created_at) VALUES (50, NULL, 140, 'love', '2025-04-16 15:30:21');
INSERT INTO reactions (user_id, post_id, comment_id, reaction_type, created_at) VALUES (14, NULL, 140, 'sad', '2025-04-16 15:30:21');
INSERT INTO reactions (user_id, post_id, comment_id, reaction_type, created_at) VALUES (11, NULL, 140, 'angry', '2025-04-16 15:30:21');
INSERT INTO reactions (user_id, post_id, comment_id, reaction_type, created_at) VALUES (10, NULL, 140, 'sad', '2025-04-16 15:30:21');
INSERT INTO posts (id, user_id, content, media_url, is_private, created_at, updated_at) VALUES (24, 27, 'Hungary passes constitutional amendment to ban LGBTQ+ public events, seen as a major blow to rights - CNN - Hungary’s parliament on Monday passed an amendment to the constitution that allows the government to ban public events by LGBTQ+ communities, a decision that legal scholars and critics call another step toward authoritarianism by the populist government.', 'https://media.cnn.com/api/v1/images/stellar/prod/ap25104587362027.jpg?c=16x9&q=w_800,c_fill', 0, '2025-04-16 15:30:21', '2025-04-16 15:30:21');
INSERT INTO reactions (user_id, post_id, comment_id, reaction_type, created_at) VALUES (39, 24, NULL, 'angry', '2025-04-16 15:30:21');
INSERT INTO reactions (user_id, post_id, comment_id, reaction_type, created_at) VALUES (50, 24, NULL, 'wow', '2025-04-16 15:30:21');
INSERT INTO reactions (user_id, post_id, comment_id, reaction_type, created_at) VALUES (30, 24, NULL, 'love', '2025-04-16 15:30:21');
INSERT INTO reactions (user_id, post_id, comment_id, reaction_type, created_at) VALUES (13, 24, NULL, 'wow', '2025-04-16 15:30:21');
INSERT INTO reactions (user_id, post_id, comment_id, reaction_type, created_at) VALUES (2, 24, NULL, 'love', '2025-04-16 15:30:21');
INSERT INTO reactions (user_id, post_id, comment_id, reaction_type, created_at) VALUES (46, 24, NULL, 'wow', '2025-04-16 15:30:21');
INSERT INTO reactions (user_id, post_id, comment_id, reaction_type, created_at) VALUES (33, 24, NULL, 'wow', '2025-04-16 15:30:21');
INSERT INTO reactions (user_id, post_id, comment_id, reaction_type, created_at) VALUES (50, 24, NULL, 'like', '2025-04-16 15:30:21');
INSERT INTO reactions (user_id, post_id, comment_id, reaction_type, created_at) VALUES (10, 24, NULL, 'angry', '2025-04-16 15:30:21');
INSERT INTO reactions (user_id, post_id, comment_id, reaction_type, created_at) VALUES (15, 24, NULL, 'love', '2025-04-16 15:30:21');
INSERT INTO comments (id, post_id, user_id, parent_comment_id, content, created_at) VALUES (141, 24, 40, NULL, 'Education imagine run.', '2025-04-16 15:30:21');
INSERT INTO reactions (user_id, post_id, comment_id, reaction_type, created_at) VALUES (23, NULL, 141, 'like', '2025-04-16 15:30:21');
INSERT INTO reactions (user_id, post_id, comment_id, reaction_type, created_at) VALUES (39, NULL, 141, 'like', '2025-04-16 15:30:21');
INSERT INTO reactions (user_id, post_id, comment_id, reaction_type, created_at) VALUES (28, NULL, 141, 'haha', '2025-04-16 15:30:21');
INSERT INTO reactions (user_id, post_id, comment_id, reaction_type, created_at) VALUES (13, NULL, 141, 'angry', '2025-04-16 15:30:21');
INSERT INTO reactions (user_id, post_id, comment_id, reaction_type, created_at) VALUES (6, NULL, 141, 'haha', '2025-04-16 15:30:21');
INSERT INTO comments (id, post_id, user_id, parent_comment_id, content, created_at) VALUES (142, 24, 4, 141, 'Scientist reality do similar realize raise.', '2025-04-16 15:30:21');
INSERT INTO reactions (user_id, post_id, comment_id, reaction_type, created_at) VALUES (47, NULL, 142, 'sad', '2025-04-16 15:30:21');
INSERT INTO reactions (user_id, post_id, comment_id, reaction_type, created_at) VALUES (29, NULL, 142, 'love', '2025-04-16 15:30:21');
INSERT INTO reactions (user_id, post_id, comment_id, reaction_type, created_at) VALUES (39, NULL, 142, 'love', '2025-04-16 15:30:21');
INSERT INTO reactions (user_id, post_id, comment_id, reaction_type, created_at) VALUES (40, NULL, 142, 'sad', '2025-04-16 15:30:21');
INSERT INTO reactions (user_id, post_id, comment_id, reaction_type, created_at) VALUES (30, NULL, 142, 'sad', '2025-04-16 15:30:21');
INSERT INTO reactions (user_id, post_id, comment_id, reaction_type, created_at) VALUES (22, NULL, 142, 'wow', '2025-04-16 15:30:21');
INSERT INTO reactions (user_id, post_id, comment_id, reaction_type, created_at) VALUES (31, NULL, 142, 'haha', '2025-04-16 15:30:21');
INSERT INTO reactions (user_id, post_id, comment_id, reaction_type, created_at) VALUES (35, NULL, 142, 'love', '2025-04-16 15:30:21');
INSERT INTO reactions (user_id, post_id, comment_id, reaction_type, created_at) VALUES (30, NULL, 142, 'haha', '2025-04-16 15:30:21');
INSERT INTO reactions (user_id, post_id, comment_id, reaction_type, created_at) VALUES (4, NULL, 142, 'like', '2025-04-16 15:30:21');
INSERT INTO comments (id, post_id, user_id, parent_comment_id, content, created_at) VALUES (143, 24, 33, NULL, 'Alone true money American office safe catch include.', '2025-04-16 15:30:21');
INSERT INTO reactions (user_id, post_id, comment_id, reaction_type, created_at) VALUES (37, NULL, 143, 'sad', '2025-04-16 15:30:21');
INSERT INTO reactions (user_id, post_id, comment_id, reaction_type, created_at) VALUES (23, NULL, 143, 'love', '2025-04-16 15:30:21');
INSERT INTO reactions (user_id, post_id, comment_id, reaction_type, created_at) VALUES (29, NULL, 143, 'like', '2025-04-16 15:30:21');
INSERT INTO reactions (user_id, post_id, comment_id, reaction_type, created_at) VALUES (24, NULL, 143, 'wow', '2025-04-16 15:30:21');
INSERT INTO reactions (user_id, post_id, comment_id, reaction_type, created_at) VALUES (35, NULL, 143, 'like', '2025-04-16 15:30:21');
INSERT INTO reactions (user_id, post_id, comment_id, reaction_type, created_at) VALUES (17, NULL, 143, 'sad', '2025-04-16 15:30:21');
INSERT INTO reactions (user_id, post_id, comment_id, reaction_type, created_at) VALUES (16, NULL, 143, 'wow', '2025-04-16 15:30:21');
INSERT INTO reactions (user_id, post_id, comment_id, reaction_type, created_at) VALUES (35, NULL, 143, 'love', '2025-04-16 15:30:21');
INSERT INTO reactions (user_id, post_id, comment_id, reaction_type, created_at) VALUES (18, NULL, 143, 'wow', '2025-04-16 15:30:21');
INSERT INTO reactions (user_id, post_id, comment_id, reaction_type, created_at) VALUES (5, NULL, 143, 'angry', '2025-04-16 15:30:21');
INSERT INTO comments (id, post_id, user_id, parent_comment_id, content, created_at) VALUES (144, 24, 45, NULL, 'Take even whether key.', '2025-04-16 15:30:21');
INSERT INTO reactions (user_id, post_id, comment_id, reaction_type, created_at) VALUES (31, NULL, 144, 'love', '2025-04-16 15:30:21');
INSERT INTO reactions (user_id, post_id, comment_id, reaction_type, created_at) VALUES (50, NULL, 144, 'haha', '2025-04-16 15:30:21');
INSERT INTO reactions (user_id, post_id, comment_id, reaction_type, created_at) VALUES (19, NULL, 144, 'love', '2025-04-16 15:30:21');
INSERT INTO reactions (user_id, post_id, comment_id, reaction_type, created_at) VALUES (1, NULL, 144, 'sad', '2025-04-16 15:30:21');
INSERT INTO reactions (user_id, post_id, comment_id, reaction_type, created_at) VALUES (29, NULL, 144, 'love', '2025-04-16 15:30:21');
INSERT INTO reactions (user_id, post_id, comment_id, reaction_type, created_at) VALUES (16, NULL, 144, 'like', '2025-04-16 15:30:21');
INSERT INTO reactions (user_id, post_id, comment_id, reaction_type, created_at) VALUES (27, NULL, 144, 'love', '2025-04-16 15:30:21');
INSERT INTO reactions (user_id, post_id, comment_id, reaction_type, created_at) VALUES (2, NULL, 144, 'angry', '2025-04-16 15:30:21');
INSERT INTO reactions (user_id, post_id, comment_id, reaction_type, created_at) VALUES (25, NULL, 144, 'haha', '2025-04-16 15:30:21');
INSERT INTO comments (id, post_id, user_id, parent_comment_id, content, created_at) VALUES (145, 24, 48, NULL, 'Chance effort recently spring between.', '2025-04-16 15:30:21');
INSERT INTO reactions (user_id, post_id, comment_id, reaction_type, created_at) VALUES (8, NULL, 145, 'like', '2025-04-16 15:30:21');
INSERT INTO comments (id, post_id, user_id, parent_comment_id, content, created_at) VALUES (146, 24, 4, 145, 'Include style relationship federal usually arm.', '2025-04-16 15:30:21');
INSERT INTO reactions (user_id, post_id, comment_id, reaction_type, created_at) VALUES (43, NULL, 146, 'wow', '2025-04-16 15:30:21');
INSERT INTO reactions (user_id, post_id, comment_id, reaction_type, created_at) VALUES (39, NULL, 146, 'haha', '2025-04-16 15:30:21');
INSERT INTO comments (id, post_id, user_id, parent_comment_id, content, created_at) VALUES (147, 24, 7, NULL, 'Community standard speech western.', '2025-04-16 15:30:21');
INSERT INTO reactions (user_id, post_id, comment_id, reaction_type, created_at) VALUES (32, NULL, 147, 'sad', '2025-04-16 15:30:21');
INSERT INTO reactions (user_id, post_id, comment_id, reaction_type, created_at) VALUES (50, NULL, 147, 'love', '2025-04-16 15:30:21');
INSERT INTO reactions (user_id, post_id, comment_id, reaction_type, created_at) VALUES (31, NULL, 147, 'haha', '2025-04-16 15:30:21');
INSERT INTO reactions (user_id, post_id, comment_id, reaction_type, created_at) VALUES (32, NULL, 147, 'sad', '2025-04-16 15:30:21');
INSERT INTO reactions (user_id, post_id, comment_id, reaction_type, created_at) VALUES (36, NULL, 147, 'sad', '2025-04-16 15:30:21');
INSERT INTO posts (id, user_id, content, media_url, is_private, created_at, updated_at) VALUES (25, 16, '’The Last of Us’ Season 2 Premiere Ratings Beat Season 1 Opener - The Hollywood Reporter - More than 5 million viewers watched the show’s return on HBO and Max Sunday.', 'https://www.hollywoodreporter.com/wp-content/uploads/2025/02/pedro-pascal-H-2025.jpg?w=1296&h=730&crop=1', 0, '2025-04-16 15:30:21', '2025-04-16 15:30:21');
INSERT INTO reactions (user_id, post_id, comment_id, reaction_type, created_at) VALUES (24, 25, NULL, 'like', '2025-04-16 15:30:21');
INSERT INTO reactions (user_id, post_id, comment_id, reaction_type, created_at) VALUES (46, 25, NULL, 'sad', '2025-04-16 15:30:21');
INSERT INTO reactions (user_id, post_id, comment_id, reaction_type, created_at) VALUES (13, 25, NULL, 'angry', '2025-04-16 15:30:21');
INSERT INTO reactions (user_id, post_id, comment_id, reaction_type, created_at) VALUES (41, 25, NULL, 'wow', '2025-04-16 15:30:21');
INSERT INTO reactions (user_id, post_id, comment_id, reaction_type, created_at) VALUES (5, 25, NULL, 'angry', '2025-04-16 15:30:21');
INSERT INTO reactions (user_id, post_id, comment_id, reaction_type, created_at) VALUES (9, 25, NULL, 'angry', '2025-04-16 15:30:21');
INSERT INTO reactions (user_id, post_id, comment_id, reaction_type, created_at) VALUES (47, 25, NULL, 'haha', '2025-04-16 15:30:21');
INSERT INTO reactions (user_id, post_id, comment_id, reaction_type, created_at) VALUES (1, 25, NULL, 'sad', '2025-04-16 15:30:21');
INSERT INTO reactions (user_id, post_id, comment_id, reaction_type, created_at) VALUES (28, 25, NULL, 'haha', '2025-04-16 15:30:21');
INSERT INTO comments (id, post_id, user_id, parent_comment_id, content, created_at) VALUES (148, 25, 28, NULL, 'Focus they listen even detail.', '2025-04-16 15:30:21');
INSERT INTO reactions (user_id, post_id, comment_id, reaction_type, created_at) VALUES (30, NULL, 148, 'like', '2025-04-16 15:30:21');
INSERT INTO reactions (user_id, post_id, comment_id, reaction_type, created_at) VALUES (29, NULL, 148, 'love', '2025-04-16 15:30:21');
INSERT INTO reactions (user_id, post_id, comment_id, reaction_type, created_at) VALUES (40, NULL, 148, 'like', '2025-04-16 15:30:21');
INSERT INTO comments (id, post_id, user_id, parent_comment_id, content, created_at) VALUES (149, 25, 18, NULL, 'Officer adult worry little.', '2025-04-16 15:30:21');
INSERT INTO reactions (user_id, post_id, comment_id, reaction_type, created_at) VALUES (16, NULL, 149, 'like', '2025-04-16 15:30:21');
INSERT INTO reactions (user_id, post_id, comment_id, reaction_type, created_at) VALUES (41, NULL, 149, 'wow', '2025-04-16 15:30:21');
INSERT INTO reactions (user_id, post_id, comment_id, reaction_type, created_at) VALUES (37, NULL, 149, 'wow', '2025-04-16 15:30:21');
INSERT INTO reactions (user_id, post_id, comment_id, reaction_type, created_at) VALUES (1, NULL, 149, 'like', '2025-04-16 15:30:21');
INSERT INTO reactions (user_id, post_id, comment_id, reaction_type, created_at) VALUES (34, NULL, 149, 'like', '2025-04-16 15:30:21');
INSERT INTO comments (id, post_id, user_id, parent_comment_id, content, created_at) VALUES (150, 25, 2, 149, 'Agreement light today end expect begin campaign.', '2025-04-16 15:30:21');
INSERT INTO reactions (user_id, post_id, comment_id, reaction_type, created_at) VALUES (42, NULL, 150, 'angry', '2025-04-16 15:30:21');
INSERT INTO reactions (user_id, post_id, comment_id, reaction_type, created_at) VALUES (39, NULL, 150, 'haha', '2025-04-16 15:30:21');
INSERT INTO reactions (user_id, post_id, comment_id, reaction_type, created_at) VALUES (41, NULL, 150, 'haha', '2025-04-16 15:30:21');
INSERT INTO reactions (user_id, post_id, comment_id, reaction_type, created_at) VALUES (36, NULL, 150, 'love', '2025-04-16 15:30:21');
INSERT INTO comments (id, post_id, user_id, parent_comment_id, content, created_at) VALUES (151, 25, 22, NULL, 'Administration moment job realize feel.', '2025-04-16 15:30:21');
INSERT INTO reactions (user_id, post_id, comment_id, reaction_type, created_at) VALUES (15, NULL, 151, 'like', '2025-04-16 15:30:21');
INSERT INTO reactions (user_id, post_id, comment_id, reaction_type, created_at) VALUES (10, NULL, 151, 'sad', '2025-04-16 15:30:21');
INSERT INTO reactions (user_id, post_id, comment_id, reaction_type, created_at) VALUES (40, NULL, 151, 'angry', '2025-04-16 15:30:21');
INSERT INTO reactions (user_id, post_id, comment_id, reaction_type, created_at) VALUES (31, NULL, 151, 'love', '2025-04-16 15:30:21');
INSERT INTO reactions (user_id, post_id, comment_id, reaction_type, created_at) VALUES (20, NULL, 151, 'like', '2025-04-16 15:30:21');
INSERT INTO reactions (user_id, post_id, comment_id, reaction_type, created_at) VALUES (12, NULL, 151, 'angry', '2025-04-16 15:30:21');
INSERT INTO reactions (user_id, post_id, comment_id, reaction_type, created_at) VALUES (34, NULL, 151, 'wow', '2025-04-16 15:30:21');
INSERT INTO reactions (user_id, post_id, comment_id, reaction_type, created_at) VALUES (26, NULL, 151, 'sad', '2025-04-16 15:30:21');
INSERT INTO reactions (user_id, post_id, comment_id, reaction_type, created_at) VALUES (49, NULL, 151, 'love', '2025-04-16 15:30:21');
INSERT INTO comments (id, post_id, user_id, parent_comment_id, content, created_at) VALUES (152, 25, 9, NULL, 'Whose nature positive no wall key single.', '2025-04-16 15:30:21');
INSERT INTO reactions (user_id, post_id, comment_id, reaction_type, created_at) VALUES (18, NULL, 152, 'sad', '2025-04-16 15:30:21');
INSERT INTO reactions (user_id, post_id, comment_id, reaction_type, created_at) VALUES (45, NULL, 152, 'like', '2025-04-16 15:30:21');
INSERT INTO reactions (user_id, post_id, comment_id, reaction_type, created_at) VALUES (32, NULL, 152, 'like', '2025-04-16 15:30:21');
INSERT INTO reactions (user_id, post_id, comment_id, reaction_type, created_at) VALUES (1, NULL, 152, 'haha', '2025-04-16 15:30:21');
INSERT INTO reactions (user_id, post_id, comment_id, reaction_type, created_at) VALUES (25, NULL, 152, 'angry', '2025-04-16 15:30:21');
INSERT INTO comments (id, post_id, user_id, parent_comment_id, content, created_at) VALUES (153, 25, 43, NULL, 'Face particularly always table.', '2025-04-16 15:30:21');
INSERT INTO reactions (user_id, post_id, comment_id, reaction_type, created_at) VALUES (27, NULL, 153, 'angry', '2025-04-16 15:30:21');
INSERT INTO reactions (user_id, post_id, comment_id, reaction_type, created_at) VALUES (38, NULL, 153, 'like', '2025-04-16 15:30:21');
INSERT INTO reactions (user_id, post_id, comment_id, reaction_type, created_at) VALUES (27, NULL, 153, 'haha', '2025-04-16 15:30:21');
INSERT INTO reactions (user_id, post_id, comment_id, reaction_type, created_at) VALUES (1, NULL, 153, 'like', '2025-04-16 15:30:21');
INSERT INTO reactions (user_id, post_id, comment_id, reaction_type, created_at) VALUES (49, NULL, 153, 'like', '2025-04-16 15:30:21');
INSERT INTO comments (id, post_id, user_id, parent_comment_id, content, created_at) VALUES (154, 25, 34, NULL, 'Station character several agent black rock.', '2025-04-16 15:30:21');
INSERT INTO reactions (user_id, post_id, comment_id, reaction_type, created_at) VALUES (48, NULL, 154, 'love', '2025-04-16 15:30:21');
INSERT INTO reactions (user_id, post_id, comment_id, reaction_type, created_at) VALUES (20, NULL, 154, 'sad', '2025-04-16 15:30:21');
INSERT INTO reactions (user_id, post_id, comment_id, reaction_type, created_at) VALUES (35, NULL, 154, 'sad', '2025-04-16 15:30:21');
INSERT INTO reactions (user_id, post_id, comment_id, reaction_type, created_at) VALUES (24, NULL, 154, 'wow', '2025-04-16 15:30:21');
INSERT INTO reactions (user_id, post_id, comment_id, reaction_type, created_at) VALUES (49, NULL, 154, 'angry', '2025-04-16 15:30:21');
INSERT INTO reactions (user_id, post_id, comment_id, reaction_type, created_at) VALUES (24, NULL, 154, 'angry', '2025-04-16 15:30:21');
INSERT INTO reactions (user_id, post_id, comment_id, reaction_type, created_at) VALUES (26, NULL, 154, 'love', '2025-04-16 15:30:21');
INSERT INTO reactions (user_id, post_id, comment_id, reaction_type, created_at) VALUES (30, NULL, 154, 'haha', '2025-04-16 15:30:21');
INSERT INTO reactions (user_id, post_id, comment_id, reaction_type, created_at) VALUES (32, NULL, 154, 'like', '2025-04-16 15:30:21');
INSERT INTO comments (id, post_id, user_id, parent_comment_id, content, created_at) VALUES (155, 25, 3, 154, 'Best stock traditional whole really voice.', '2025-04-16 15:30:21');
INSERT INTO reactions (user_id, post_id, comment_id, reaction_type, created_at) VALUES (1, NULL, 155, 'like', '2025-04-16 15:30:21');
INSERT INTO reactions (user_id, post_id, comment_id, reaction_type, created_at) VALUES (14, NULL, 155, 'love', '2025-04-16 15:30:21');
INSERT INTO reactions (user_id, post_id, comment_id, reaction_type, created_at) VALUES (1, NULL, 155, 'haha', '2025-04-16 15:30:21');
INSERT INTO reactions (user_id, post_id, comment_id, reaction_type, created_at) VALUES (19, NULL, 155, 'angry', '2025-04-16 15:30:21');
INSERT INTO reactions (user_id, post_id, comment_id, reaction_type, created_at) VALUES (49, NULL, 155, 'wow', '2025-04-16 15:30:21');
INSERT INTO posts (id, user_id, content, media_url, is_private, created_at, updated_at) VALUES (26, 28, 'Meet Neptune, a TikTok alternative where creators can hide likes and follower counts - TechCrunch - Neptune is one of the newest short-form video apps on the block seeking to compete with major players like TikTok, Instagram Reels, and YouTube Shorts.  Neptune, a short-form video apps seeking to compete with TikTok, is preparing to launch the app on the App…', 'https://techcrunch.com/wp-content/uploads/2024/04/neptune.png?w=1192', 1, '2025-04-16 15:30:21', '2025-04-16 15:30:21');
INSERT INTO reactions (user_id, post_id, comment_id, reaction_type, created_at) VALUES (20, 26, NULL, 'sad', '2025-04-16 15:30:21');
INSERT INTO reactions (user_id, post_id, comment_id, reaction_type, created_at) VALUES (11, 26, NULL, 'love', '2025-04-16 15:30:21');
INSERT INTO reactions (user_id, post_id, comment_id, reaction_type, created_at) VALUES (40, 26, NULL, 'angry', '2025-04-16 15:30:21');
INSERT INTO reactions (user_id, post_id, comment_id, reaction_type, created_at) VALUES (12, 26, NULL, 'sad', '2025-04-16 15:30:21');
INSERT INTO reactions (user_id, post_id, comment_id, reaction_type, created_at) VALUES (49, 26, NULL, 'wow', '2025-04-16 15:30:21');
INSERT INTO reactions (user_id, post_id, comment_id, reaction_type, created_at) VALUES (8, 26, NULL, 'like', '2025-04-16 15:30:21');
INSERT INTO reactions (user_id, post_id, comment_id, reaction_type, created_at) VALUES (34, 26, NULL, 'wow', '2025-04-16 15:30:21');
INSERT INTO reactions (user_id, post_id, comment_id, reaction_type, created_at) VALUES (27, 26, NULL, 'angry', '2025-04-16 15:30:21');
INSERT INTO reactions (user_id, post_id, comment_id, reaction_type, created_at) VALUES (21, 26, NULL, 'sad', '2025-04-16 15:30:21');
INSERT INTO comments (id, post_id, user_id, parent_comment_id, content, created_at) VALUES (156, 26, 45, NULL, 'Surface season marriage source there beat energy.', '2025-04-16 15:30:21');
INSERT INTO reactions (user_id, post_id, comment_id, reaction_type, created_at) VALUES (24, NULL, 156, 'like', '2025-04-16 15:30:21');
INSERT INTO reactions (user_id, post_id, comment_id, reaction_type, created_at) VALUES (5, NULL, 156, 'love', '2025-04-16 15:30:21');
INSERT INTO comments (id, post_id, user_id, parent_comment_id, content, created_at) VALUES (157, 26, 18, NULL, 'Onto animal approach listen.', '2025-04-16 15:30:21');
INSERT INTO reactions (user_id, post_id, comment_id, reaction_type, created_at) VALUES (4, NULL, 157, 'angry', '2025-04-16 15:30:21');
INSERT INTO reactions (user_id, post_id, comment_id, reaction_type, created_at) VALUES (15, NULL, 157, 'haha', '2025-04-16 15:30:21');
INSERT INTO reactions (user_id, post_id, comment_id, reaction_type, created_at) VALUES (6, NULL, 157, 'love', '2025-04-16 15:30:21');
INSERT INTO reactions (user_id, post_id, comment_id, reaction_type, created_at) VALUES (20, NULL, 157, 'sad', '2025-04-16 15:30:21');
INSERT INTO reactions (user_id, post_id, comment_id, reaction_type, created_at) VALUES (47, NULL, 157, 'love', '2025-04-16 15:30:21');
INSERT INTO reactions (user_id, post_id, comment_id, reaction_type, created_at) VALUES (5, NULL, 157, 'angry', '2025-04-16 15:30:21');
INSERT INTO reactions (user_id, post_id, comment_id, reaction_type, created_at) VALUES (20, NULL, 157, 'wow', '2025-04-16 15:30:21');
INSERT INTO reactions (user_id, post_id, comment_id, reaction_type, created_at) VALUES (33, NULL, 157, 'haha', '2025-04-16 15:30:21');
INSERT INTO reactions (user_id, post_id, comment_id, reaction_type, created_at) VALUES (39, NULL, 157, 'angry', '2025-04-16 15:30:21');
INSERT INTO comments (id, post_id, user_id, parent_comment_id, content, created_at) VALUES (158, 26, 5, NULL, 'Quickly campaign network experience moment protect.', '2025-04-16 15:30:21');
INSERT INTO reactions (user_id, post_id, comment_id, reaction_type, created_at) VALUES (9, NULL, 158, 'like', '2025-04-16 15:30:21');
INSERT INTO comments (id, post_id, user_id, parent_comment_id, content, created_at) VALUES (159, 26, 33, NULL, 'Nation college wonder play line forget.', '2025-04-16 15:30:21');
INSERT INTO reactions (user_id, post_id, comment_id, reaction_type, created_at) VALUES (29, NULL, 159, 'haha', '2025-04-16 15:30:21');
INSERT INTO reactions (user_id, post_id, comment_id, reaction_type, created_at) VALUES (23, NULL, 159, 'wow', '2025-04-16 15:30:21');
INSERT INTO comments (id, post_id, user_id, parent_comment_id, content, created_at) VALUES (160, 26, 27, NULL, 'Including skin but assume lot somebody ground.', '2025-04-16 15:30:21');
INSERT INTO reactions (user_id, post_id, comment_id, reaction_type, created_at) VALUES (3, NULL, 160, 'like', '2025-04-16 15:30:21');
INSERT INTO reactions (user_id, post_id, comment_id, reaction_type, created_at) VALUES (17, NULL, 160, 'love', '2025-04-16 15:30:21');
INSERT INTO reactions (user_id, post_id, comment_id, reaction_type, created_at) VALUES (50, NULL, 160, 'wow', '2025-04-16 15:30:21');
INSERT INTO posts (id, user_id, content, media_url, is_private, created_at, updated_at) VALUES (27, 3, 'You can hot swap the battery on Samsung’s new rugged tablet - The Verge - Samsung’s rugged Galaxy Tab Active5 Pro tablet has dual hot-swappable battery design so you can potentially keep it powered indefinitely.', 'https://platform.theverge.com/wp-content/uploads/sites/2/2025/04/samsung1.jpg?quality=90&strip=all&crop=0%2C10.732984293194%2C100%2C78.534031413613&w=1200', 1, '2025-04-16 15:30:21', '2025-04-16 15:30:21');
INSERT INTO reactions (user_id, post_id, comment_id, reaction_type, created_at) VALUES (15, 27, NULL, 'wow', '2025-04-16 15:30:21');
INSERT INTO comments (id, post_id, user_id, parent_comment_id, content, created_at) VALUES (161, 27, 18, NULL, 'Challenge window home nothing.', '2025-04-16 15:30:21');
INSERT INTO reactions (user_id, post_id, comment_id, reaction_type, created_at) VALUES (12, NULL, 161, 'wow', '2025-04-16 15:30:21');
INSERT INTO reactions (user_id, post_id, comment_id, reaction_type, created_at) VALUES (26, NULL, 161, 'wow', '2025-04-16 15:30:21');
INSERT INTO reactions (user_id, post_id, comment_id, reaction_type, created_at) VALUES (5, NULL, 161, 'love', '2025-04-16 15:30:21');
INSERT INTO reactions (user_id, post_id, comment_id, reaction_type, created_at) VALUES (3, NULL, 161, 'love', '2025-04-16 15:30:21');
INSERT INTO reactions (user_id, post_id, comment_id, reaction_type, created_at) VALUES (35, NULL, 161, 'sad', '2025-04-16 15:30:21');
INSERT INTO reactions (user_id, post_id, comment_id, reaction_type, created_at) VALUES (2, NULL, 161, 'angry', '2025-04-16 15:30:21');
INSERT INTO reactions (user_id, post_id, comment_id, reaction_type, created_at) VALUES (14, NULL, 161, 'wow', '2025-04-16 15:30:21');
INSERT INTO reactions (user_id, post_id, comment_id, reaction_type, created_at) VALUES (31, NULL, 161, 'angry', '2025-04-16 15:30:21');
INSERT INTO reactions (user_id, post_id, comment_id, reaction_type, created_at) VALUES (43, NULL, 161, 'like', '2025-04-16 15:30:21');
INSERT INTO reactions (user_id, post_id, comment_id, reaction_type, created_at) VALUES (35, NULL, 161, 'sad', '2025-04-16 15:30:21');
INSERT INTO comments (id, post_id, user_id, parent_comment_id, content, created_at) VALUES (162, 27, 33, 161, 'Billion well become action pull ready me.', '2025-04-16 15:30:21');
INSERT INTO reactions (user_id, post_id, comment_id, reaction_type, created_at) VALUES (9, NULL, 162, 'love', '2025-04-16 15:30:21');
INSERT INTO comments (id, post_id, user_id, parent_comment_id, content, created_at) VALUES (163, 27, 19, NULL, 'Meeting trade focus successful who.', '2025-04-16 15:30:21');
INSERT INTO reactions (user_id, post_id, comment_id, reaction_type, created_at) VALUES (49, NULL, 163, 'love', '2025-04-16 15:30:21');
INSERT INTO reactions (user_id, post_id, comment_id, reaction_type, created_at) VALUES (42, NULL, 163, 'like', '2025-04-16 15:30:21');
INSERT INTO reactions (user_id, post_id, comment_id, reaction_type, created_at) VALUES (19, NULL, 163, 'wow', '2025-04-16 15:30:21');
INSERT INTO reactions (user_id, post_id, comment_id, reaction_type, created_at) VALUES (35, NULL, 163, 'wow', '2025-04-16 15:30:21');
INSERT INTO reactions (user_id, post_id, comment_id, reaction_type, created_at) VALUES (11, NULL, 163, 'sad', '2025-04-16 15:30:21');
INSERT INTO reactions (user_id, post_id, comment_id, reaction_type, created_at) VALUES (46, NULL, 163, 'angry', '2025-04-16 15:30:21');
INSERT INTO reactions (user_id, post_id, comment_id, reaction_type, created_at) VALUES (29, NULL, 163, 'sad', '2025-04-16 15:30:21');
INSERT INTO reactions (user_id, post_id, comment_id, reaction_type, created_at) VALUES (13, NULL, 163, 'sad', '2025-04-16 15:30:21');
INSERT INTO reactions (user_id, post_id, comment_id, reaction_type, created_at) VALUES (45, NULL, 163, 'wow', '2025-04-16 15:30:21');
INSERT INTO reactions (user_id, post_id, comment_id, reaction_type, created_at) VALUES (46, NULL, 163, 'like', '2025-04-16 15:30:21');
INSERT INTO comments (id, post_id, user_id, parent_comment_id, content, created_at) VALUES (164, 27, 40, NULL, 'Whole most bag.', '2025-04-16 15:30:21');
INSERT INTO reactions (user_id, post_id, comment_id, reaction_type, created_at) VALUES (23, NULL, 164, 'like', '2025-04-16 15:30:21');
INSERT INTO reactions (user_id, post_id, comment_id, reaction_type, created_at) VALUES (16, NULL, 164, 'haha', '2025-04-16 15:30:21');
INSERT INTO reactions (user_id, post_id, comment_id, reaction_type, created_at) VALUES (11, NULL, 164, 'haha', '2025-04-16 15:30:21');
INSERT INTO reactions (user_id, post_id, comment_id, reaction_type, created_at) VALUES (28, NULL, 164, 'like', '2025-04-16 15:30:21');
INSERT INTO reactions (user_id, post_id, comment_id, reaction_type, created_at) VALUES (19, NULL, 164, 'like', '2025-04-16 15:30:21');
INSERT INTO reactions (user_id, post_id, comment_id, reaction_type, created_at) VALUES (14, NULL, 164, 'haha', '2025-04-16 15:30:21');
INSERT INTO reactions (user_id, post_id, comment_id, reaction_type, created_at) VALUES (10, NULL, 164, 'haha', '2025-04-16 15:30:21');
INSERT INTO reactions (user_id, post_id, comment_id, reaction_type, created_at) VALUES (4, NULL, 164, 'haha', '2025-04-16 15:30:21');
INSERT INTO reactions (user_id, post_id, comment_id, reaction_type, created_at) VALUES (2, NULL, 164, 'angry', '2025-04-16 15:30:21');
INSERT INTO reactions (user_id, post_id, comment_id, reaction_type, created_at) VALUES (2, NULL, 164, 'wow', '2025-04-16 15:30:21');
INSERT INTO comments (id, post_id, user_id, parent_comment_id, content, created_at) VALUES (165, 27, 48, NULL, 'Page threat consider want rather.', '2025-04-16 15:30:21');
INSERT INTO reactions (user_id, post_id, comment_id, reaction_type, created_at) VALUES (26, NULL, 165, 'haha', '2025-04-16 15:30:21');
INSERT INTO comments (id, post_id, user_id, parent_comment_id, content, created_at) VALUES (166, 27, 3, NULL, 'Case dark girl land something.', '2025-04-16 15:30:21');
INSERT INTO reactions (user_id, post_id, comment_id, reaction_type, created_at) VALUES (36, NULL, 166, 'wow', '2025-04-16 15:30:21');
INSERT INTO reported_comments (id, comment_id, reported_by, reason, created_at) VALUES (25, 166, 8, 'Harassment', '2025-04-16 15:30:21');
INSERT INTO comments (id, post_id, user_id, parent_comment_id, content, created_at) VALUES (167, 27, 13, NULL, 'Imagine material occur theory explain trip season along.', '2025-04-16 15:30:21');
INSERT INTO reactions (user_id, post_id, comment_id, reaction_type, created_at) VALUES (8, NULL, 167, 'like', '2025-04-16 15:30:21');
INSERT INTO reactions (user_id, post_id, comment_id, reaction_type, created_at) VALUES (27, NULL, 167, 'sad', '2025-04-16 15:30:21');
INSERT INTO reactions (user_id, post_id, comment_id, reaction_type, created_at) VALUES (24, NULL, 167, 'angry', '2025-04-16 15:30:21');
INSERT INTO reactions (user_id, post_id, comment_id, reaction_type, created_at) VALUES (4, NULL, 167, 'angry', '2025-04-16 15:30:21');
INSERT INTO reactions (user_id, post_id, comment_id, reaction_type, created_at) VALUES (38, NULL, 167, 'like', '2025-04-16 15:30:21');
INSERT INTO reactions (user_id, post_id, comment_id, reaction_type, created_at) VALUES (30, NULL, 167, 'like', '2025-04-16 15:30:21');
INSERT INTO reactions (user_id, post_id, comment_id, reaction_type, created_at) VALUES (44, NULL, 167, 'haha', '2025-04-16 15:30:21');
INSERT INTO reactions (user_id, post_id, comment_id, reaction_type, created_at) VALUES (15, NULL, 167, 'angry', '2025-04-16 15:30:21');
INSERT INTO reactions (user_id, post_id, comment_id, reaction_type, created_at) VALUES (44, NULL, 167, 'love', '2025-04-16 15:30:21');
INSERT INTO reactions (user_id, post_id, comment_id, reaction_type, created_at) VALUES (20, NULL, 167, 'wow', '2025-04-16 15:30:21');
INSERT INTO posts (id, user_id, content, media_url, is_private, created_at, updated_at) VALUES (28, 39, 'Google won''t let cheap Android phones and tablets ship with only 16GB storage anymore - Android Authority - Google has raised the minimum requirement for how much storage Android devices must have to get certified. Here''s what the new minimum is!', 'https://www.androidauthority.com/wp-content/uploads/2023/08/Google-Files-storage-almost-full.jpg', 1, '2025-04-16 15:30:21', '2025-04-16 15:30:21');
INSERT INTO reactions (user_id, post_id, comment_id, reaction_type, created_at) VALUES (23, 28, NULL, 'haha', '2025-04-16 15:30:21');
INSERT INTO reactions (user_id, post_id, comment_id, reaction_type, created_at) VALUES (20, 28, NULL, 'haha', '2025-04-16 15:30:21');
INSERT INTO reactions (user_id, post_id, comment_id, reaction_type, created_at) VALUES (48, 28, NULL, 'angry', '2025-04-16 15:30:21');
INSERT INTO comments (id, post_id, user_id, parent_comment_id, content, created_at) VALUES (168, 28, 34, NULL, 'Institution floor product pay hot.', '2025-04-16 15:30:21');
INSERT INTO reactions (user_id, post_id, comment_id, reaction_type, created_at) VALUES (17, NULL, 168, 'sad', '2025-04-16 15:30:21');
INSERT INTO reactions (user_id, post_id, comment_id, reaction_type, created_at) VALUES (29, NULL, 168, 'haha', '2025-04-16 15:30:21');
INSERT INTO reactions (user_id, post_id, comment_id, reaction_type, created_at) VALUES (36, NULL, 168, 'sad', '2025-04-16 15:30:21');
INSERT INTO reactions (user_id, post_id, comment_id, reaction_type, created_at) VALUES (13, NULL, 168, 'wow', '2025-04-16 15:30:21');
INSERT INTO reactions (user_id, post_id, comment_id, reaction_type, created_at) VALUES (34, NULL, 168, 'haha', '2025-04-16 15:30:21');
INSERT INTO reactions (user_id, post_id, comment_id, reaction_type, created_at) VALUES (23, NULL, 168, 'like', '2025-04-16 15:30:21');
INSERT INTO reactions (user_id, post_id, comment_id, reaction_type, created_at) VALUES (46, NULL, 168, 'love', '2025-04-16 15:30:21');
INSERT INTO comments (id, post_id, user_id, parent_comment_id, content, created_at) VALUES (169, 28, 8, 168, 'Treat stop without road offer wear today theory.', '2025-04-16 15:30:21');
INSERT INTO reactions (user_id, post_id, comment_id, reaction_type, created_at) VALUES (44, NULL, 169, 'sad', '2025-04-16 15:30:21');
INSERT INTO reactions (user_id, post_id, comment_id, reaction_type, created_at) VALUES (35, NULL, 169, 'angry', '2025-04-16 15:30:21');
INSERT INTO comments (id, post_id, user_id, parent_comment_id, content, created_at) VALUES (170, 28, 5, NULL, 'Miss series soldier serious.', '2025-04-16 15:30:21');
INSERT INTO reactions (user_id, post_id, comment_id, reaction_type, created_at) VALUES (7, NULL, 170, 'sad', '2025-04-16 15:30:21');
INSERT INTO reactions (user_id, post_id, comment_id, reaction_type, created_at) VALUES (4, NULL, 170, 'wow', '2025-04-16 15:30:21');
INSERT INTO reactions (user_id, post_id, comment_id, reaction_type, created_at) VALUES (16, NULL, 170, 'sad', '2025-04-16 15:30:21');
INSERT INTO reactions (user_id, post_id, comment_id, reaction_type, created_at) VALUES (30, NULL, 170, 'angry', '2025-04-16 15:30:21');
INSERT INTO reactions (user_id, post_id, comment_id, reaction_type, created_at) VALUES (2, NULL, 170, 'haha', '2025-04-16 15:30:21');
INSERT INTO reactions (user_id, post_id, comment_id, reaction_type, created_at) VALUES (28, NULL, 170, 'love', '2025-04-16 15:30:21');
INSERT INTO reactions (user_id, post_id, comment_id, reaction_type, created_at) VALUES (36, NULL, 170, 'haha', '2025-04-16 15:30:21');
INSERT INTO comments (id, post_id, user_id, parent_comment_id, content, created_at) VALUES (171, 28, 26, NULL, 'Time begin garden loss network.', '2025-04-16 15:30:21');
INSERT INTO reactions (user_id, post_id, comment_id, reaction_type, created_at) VALUES (38, NULL, 171, 'sad', '2025-04-16 15:30:21');
INSERT INTO reactions (user_id, post_id, comment_id, reaction_type, created_at) VALUES (45, NULL, 171, 'haha', '2025-04-16 15:30:21');
INSERT INTO reactions (user_id, post_id, comment_id, reaction_type, created_at) VALUES (4, NULL, 171, 'love', '2025-04-16 15:30:21');
INSERT INTO reactions (user_id, post_id, comment_id, reaction_type, created_at) VALUES (2, NULL, 171, 'wow', '2025-04-16 15:30:21');
INSERT INTO reactions (user_id, post_id, comment_id, reaction_type, created_at) VALUES (43, NULL, 171, 'haha', '2025-04-16 15:30:21');
INSERT INTO reactions (user_id, post_id, comment_id, reaction_type, created_at) VALUES (9, NULL, 171, 'wow', '2025-04-16 15:30:21');
INSERT INTO posts (id, user_id, content, media_url, is_private, created_at, updated_at) VALUES (29, 1, 'Most Carbon-Rich Asteroids Never Make It to Earth—and Now We Know Why - Gizmodo - A study of thousands of space rocks may explain why a common type in space is so uncommon on our planet.', 'https://gizmodo.com/app/uploads/2024/09/earth-planet-killer-asteroid-nuke-x-ray.jpg', 1, '2025-04-16 15:30:21', '2025-04-16 15:30:21');
INSERT INTO reactions (user_id, post_id, comment_id, reaction_type, created_at) VALUES (8, 29, NULL, 'haha', '2025-04-16 15:30:21');
INSERT INTO reactions (user_id, post_id, comment_id, reaction_type, created_at) VALUES (40, 29, NULL, 'like', '2025-04-16 15:30:21');
INSERT INTO reactions (user_id, post_id, comment_id, reaction_type, created_at) VALUES (20, 29, NULL, 'love', '2025-04-16 15:30:21');
INSERT INTO reactions (user_id, post_id, comment_id, reaction_type, created_at) VALUES (44, 29, NULL, 'haha', '2025-04-16 15:30:21');
INSERT INTO reactions (user_id, post_id, comment_id, reaction_type, created_at) VALUES (7, 29, NULL, 'sad', '2025-04-16 15:30:21');
INSERT INTO reactions (user_id, post_id, comment_id, reaction_type, created_at) VALUES (4, 29, NULL, 'wow', '2025-04-16 15:30:21');
INSERT INTO comments (id, post_id, user_id, parent_comment_id, content, created_at) VALUES (172, 29, 39, NULL, 'Develop education mind quite guy.', '2025-04-16 15:30:21');
INSERT INTO reactions (user_id, post_id, comment_id, reaction_type, created_at) VALUES (17, NULL, 172, 'sad', '2025-04-16 15:30:21');
INSERT INTO reactions (user_id, post_id, comment_id, reaction_type, created_at) VALUES (47, NULL, 172, 'wow', '2025-04-16 15:30:21');
INSERT INTO reactions (user_id, post_id, comment_id, reaction_type, created_at) VALUES (15, NULL, 172, 'haha', '2025-04-16 15:30:21');
INSERT INTO reactions (user_id, post_id, comment_id, reaction_type, created_at) VALUES (29, NULL, 172, 'sad', '2025-04-16 15:30:21');
INSERT INTO reported_comments (id, comment_id, reported_by, reason, created_at) VALUES (26, 172, 5, 'Hate speech', '2025-04-16 15:30:21');
INSERT INTO comments (id, post_id, user_id, parent_comment_id, content, created_at) VALUES (173, 29, 10, 172, 'Keep answer above pretty career stay teach.', '2025-04-16 15:30:21');
INSERT INTO reactions (user_id, post_id, comment_id, reaction_type, created_at) VALUES (48, NULL, 173, 'wow', '2025-04-16 15:30:21');
INSERT INTO reactions (user_id, post_id, comment_id, reaction_type, created_at) VALUES (27, NULL, 173, 'sad', '2025-04-16 15:30:21');
INSERT INTO reactions (user_id, post_id, comment_id, reaction_type, created_at) VALUES (49, NULL, 173, 'sad', '2025-04-16 15:30:21');
INSERT INTO reactions (user_id, post_id, comment_id, reaction_type, created_at) VALUES (16, NULL, 173, 'love', '2025-04-16 15:30:21');
INSERT INTO comments (id, post_id, user_id, parent_comment_id, content, created_at) VALUES (174, 29, 33, NULL, 'Store such challenge travel community recognize smile.', '2025-04-16 15:30:21');
INSERT INTO reactions (user_id, post_id, comment_id, reaction_type, created_at) VALUES (1, NULL, 174, 'sad', '2025-04-16 15:30:21');
INSERT INTO reactions (user_id, post_id, comment_id, reaction_type, created_at) VALUES (49, NULL, 174, 'love', '2025-04-16 15:30:21');
INSERT INTO reactions (user_id, post_id, comment_id, reaction_type, created_at) VALUES (17, NULL, 174, 'sad', '2025-04-16 15:30:21');
INSERT INTO reactions (user_id, post_id, comment_id, reaction_type, created_at) VALUES (49, NULL, 174, 'haha', '2025-04-16 15:30:21');
INSERT INTO reactions (user_id, post_id, comment_id, reaction_type, created_at) VALUES (9, NULL, 174, 'wow', '2025-04-16 15:30:21');
INSERT INTO reactions (user_id, post_id, comment_id, reaction_type, created_at) VALUES (9, NULL, 174, 'wow', '2025-04-16 15:30:21');
INSERT INTO reactions (user_id, post_id, comment_id, reaction_type, created_at) VALUES (17, NULL, 174, 'love', '2025-04-16 15:30:21');
INSERT INTO comments (id, post_id, user_id, parent_comment_id, content, created_at) VALUES (175, 29, 28, NULL, 'Safe we life station.', '2025-04-16 15:30:21');
INSERT INTO reactions (user_id, post_id, comment_id, reaction_type, created_at) VALUES (13, NULL, 175, 'angry', '2025-04-16 15:30:21');
INSERT INTO reactions (user_id, post_id, comment_id, reaction_type, created_at) VALUES (1, NULL, 175, 'haha', '2025-04-16 15:30:21');
INSERT INTO reactions (user_id, post_id, comment_id, reaction_type, created_at) VALUES (34, NULL, 175, 'sad', '2025-04-16 15:30:21');
INSERT INTO reactions (user_id, post_id, comment_id, reaction_type, created_at) VALUES (38, NULL, 175, 'sad', '2025-04-16 15:30:21');
INSERT INTO reported_comments (id, comment_id, reported_by, reason, created_at) VALUES (27, 175, 45, 'Violence', '2025-04-16 15:30:21');
INSERT INTO posts (id, user_id, content, media_url, is_private, created_at, updated_at) VALUES (30, 10, '''Serious bug'' pushes Samsung to stall One UI 7 rollout globally - Android Central - The stable firmware is no longer available for download on the Galaxy S24 series, the Galaxy Z Fold 6, and the Z Flip 6.', 'https://cdn.mos.cms.futurecdn.net/PuXshukwQzpSUFBdhaT2a6.jpg', 1, '2025-04-16 15:30:21', '2025-04-16 15:30:21');
INSERT INTO reactions (user_id, post_id, comment_id, reaction_type, created_at) VALUES (47, 30, NULL, 'wow', '2025-04-16 15:30:21');
INSERT INTO reactions (user_id, post_id, comment_id, reaction_type, created_at) VALUES (24, 30, NULL, 'like', '2025-04-16 15:30:21');
INSERT INTO reactions (user_id, post_id, comment_id, reaction_type, created_at) VALUES (20, 30, NULL, 'wow', '2025-04-16 15:30:21');
INSERT INTO reactions (user_id, post_id, comment_id, reaction_type, created_at) VALUES (36, 30, NULL, 'like', '2025-04-16 15:30:21');
INSERT INTO reactions (user_id, post_id, comment_id, reaction_type, created_at) VALUES (9, 30, NULL, 'sad', '2025-04-16 15:30:21');
INSERT INTO reactions (user_id, post_id, comment_id, reaction_type, created_at) VALUES (34, 30, NULL, 'haha', '2025-04-16 15:30:21');
INSERT INTO comments (id, post_id, user_id, parent_comment_id, content, created_at) VALUES (176, 30, 16, NULL, 'Support cell authority these become support quickly.', '2025-04-16 15:30:21');
INSERT INTO reactions (user_id, post_id, comment_id, reaction_type, created_at) VALUES (25, NULL, 176, 'angry', '2025-04-16 15:30:21');
INSERT INTO reactions (user_id, post_id, comment_id, reaction_type, created_at) VALUES (43, NULL, 176, 'love', '2025-04-16 15:30:21');
INSERT INTO reactions (user_id, post_id, comment_id, reaction_type, created_at) VALUES (28, NULL, 176, 'angry', '2025-04-16 15:30:21');
INSERT INTO reactions (user_id, post_id, comment_id, reaction_type, created_at) VALUES (44, NULL, 176, 'like', '2025-04-16 15:30:21');
INSERT INTO reactions (user_id, post_id, comment_id, reaction_type, created_at) VALUES (34, NULL, 176, 'haha', '2025-04-16 15:30:21');
INSERT INTO reactions (user_id, post_id, comment_id, reaction_type, created_at) VALUES (38, NULL, 176, 'love', '2025-04-16 15:30:21');
INSERT INTO reactions (user_id, post_id, comment_id, reaction_type, created_at) VALUES (35, NULL, 176, 'haha', '2025-04-16 15:30:21');
INSERT INTO reactions (user_id, post_id, comment_id, reaction_type, created_at) VALUES (2, NULL, 176, 'sad', '2025-04-16 15:30:21');
INSERT INTO reactions (user_id, post_id, comment_id, reaction_type, created_at) VALUES (49, NULL, 176, 'haha', '2025-04-16 15:30:21');
INSERT INTO comments (id, post_id, user_id, parent_comment_id, content, created_at) VALUES (177, 30, 33, NULL, 'Born reality national dinner practice edge.', '2025-04-16 15:30:21');
INSERT INTO reactions (user_id, post_id, comment_id, reaction_type, created_at) VALUES (41, NULL, 177, 'wow', '2025-04-16 15:30:21');
INSERT INTO reactions (user_id, post_id, comment_id, reaction_type, created_at) VALUES (21, NULL, 177, 'haha', '2025-04-16 15:30:21');
INSERT INTO reactions (user_id, post_id, comment_id, reaction_type, created_at) VALUES (12, NULL, 177, 'sad', '2025-04-16 15:30:21');
INSERT INTO reactions (user_id, post_id, comment_id, reaction_type, created_at) VALUES (47, NULL, 177, 'wow', '2025-04-16 15:30:21');
INSERT INTO reactions (user_id, post_id, comment_id, reaction_type, created_at) VALUES (21, NULL, 177, 'wow', '2025-04-16 15:30:21');
INSERT INTO reactions (user_id, post_id, comment_id, reaction_type, created_at) VALUES (20, NULL, 177, 'angry', '2025-04-16 15:30:21');
INSERT INTO reported_comments (id, comment_id, reported_by, reason, created_at) VALUES (28, 177, 11, 'Hate speech', '2025-04-16 15:30:21');
INSERT INTO comments (id, post_id, user_id, parent_comment_id, content, created_at) VALUES (178, 30, 38, NULL, 'Other discover suggest age live around administration need.', '2025-04-16 15:30:21');
INSERT INTO reactions (user_id, post_id, comment_id, reaction_type, created_at) VALUES (25, NULL, 178, 'haha', '2025-04-16 15:30:21');
INSERT INTO reactions (user_id, post_id, comment_id, reaction_type, created_at) VALUES (29, NULL, 178, 'angry', '2025-04-16 15:30:21');
INSERT INTO reactions (user_id, post_id, comment_id, reaction_type, created_at) VALUES (29, NULL, 178, 'wow', '2025-04-16 15:30:21');
INSERT INTO reactions (user_id, post_id, comment_id, reaction_type, created_at) VALUES (7, NULL, 178, 'angry', '2025-04-16 15:30:21');
INSERT INTO reactions (user_id, post_id, comment_id, reaction_type, created_at) VALUES (16, NULL, 178, 'haha', '2025-04-16 15:30:21');
INSERT INTO reactions (user_id, post_id, comment_id, reaction_type, created_at) VALUES (32, NULL, 178, 'wow', '2025-04-16 15:30:21');
INSERT INTO reactions (user_id, post_id, comment_id, reaction_type, created_at) VALUES (21, NULL, 178, 'wow', '2025-04-16 15:30:21');
INSERT INTO comments (id, post_id, user_id, parent_comment_id, content, created_at) VALUES (179, 30, 30, 178, 'Fund collection between ready future party charge.', '2025-04-16 15:30:21');
INSERT INTO reactions (user_id, post_id, comment_id, reaction_type, created_at) VALUES (50, NULL, 179, 'love', '2025-04-16 15:30:21');
INSERT INTO reported_comments (id, comment_id, reported_by, reason, created_at) VALUES (29, 179, 13, 'False information', '2025-04-16 15:30:21');
INSERT INTO comments (id, post_id, user_id, parent_comment_id, content, created_at) VALUES (180, 30, 39, 179, 'Sometimes front believe usually contain paper.', '2025-04-16 15:30:21');
INSERT INTO reactions (user_id, post_id, comment_id, reaction_type, created_at) VALUES (28, NULL, 180, 'sad', '2025-04-16 15:30:21');
INSERT INTO reported_comments (id, comment_id, reported_by, reason, created_at) VALUES (30, 180, 37, 'Violence', '2025-04-16 15:30:21');
INSERT INTO comments (id, post_id, user_id, parent_comment_id, content, created_at) VALUES (181, 30, 2, NULL, 'Position federal how method share policy skill main.', '2025-04-16 15:30:21');
INSERT INTO reactions (user_id, post_id, comment_id, reaction_type, created_at) VALUES (33, NULL, 181, 'angry', '2025-04-16 15:30:21');
INSERT INTO reactions (user_id, post_id, comment_id, reaction_type, created_at) VALUES (40, NULL, 181, 'love', '2025-04-16 15:30:21');
INSERT INTO comments (id, post_id, user_id, parent_comment_id, content, created_at) VALUES (182, 30, 28, NULL, 'Security these politics remain need stock.', '2025-04-16 15:30:21');
INSERT INTO reactions (user_id, post_id, comment_id, reaction_type, created_at) VALUES (24, NULL, 182, 'sad', '2025-04-16 15:30:21');
INSERT INTO reactions (user_id, post_id, comment_id, reaction_type, created_at) VALUES (42, NULL, 182, 'love', '2025-04-16 15:30:21');
INSERT INTO reactions (user_id, post_id, comment_id, reaction_type, created_at) VALUES (34, NULL, 182, 'haha', '2025-04-16 15:30:21');
INSERT INTO reactions (user_id, post_id, comment_id, reaction_type, created_at) VALUES (7, NULL, 182, 'angry', '2025-04-16 15:30:21');
INSERT INTO reactions (user_id, post_id, comment_id, reaction_type, created_at) VALUES (1, NULL, 182, 'sad', '2025-04-16 15:30:21');
INSERT INTO reactions (user_id, post_id, comment_id, reaction_type, created_at) VALUES (24, NULL, 182, 'sad', '2025-04-16 15:30:21');
INSERT INTO comments (id, post_id, user_id, parent_comment_id, content, created_at) VALUES (183, 30, 24, NULL, 'Section activity respond concern wife.', '2025-04-16 15:30:21');
INSERT INTO reactions (user_id, post_id, comment_id, reaction_type, created_at) VALUES (6, NULL, 183, 'like', '2025-04-16 15:30:21');
INSERT INTO reactions (user_id, post_id, comment_id, reaction_type, created_at) VALUES (27, NULL, 183, 'sad', '2025-04-16 15:30:21');
INSERT INTO reactions (user_id, post_id, comment_id, reaction_type, created_at) VALUES (39, NULL, 183, 'like', '2025-04-16 15:30:21');
INSERT INTO reactions (user_id, post_id, comment_id, reaction_type, created_at) VALUES (7, NULL, 183, 'sad', '2025-04-16 15:30:21');
INSERT INTO reactions (user_id, post_id, comment_id, reaction_type, created_at) VALUES (42, NULL, 183, 'angry', '2025-04-16 15:30:21');
INSERT INTO reactions (user_id, post_id, comment_id, reaction_type, created_at) VALUES (12, NULL, 183, 'sad', '2025-04-16 15:30:21');
INSERT INTO reactions (user_id, post_id, comment_id, reaction_type, created_at) VALUES (17, NULL, 183, 'sad', '2025-04-16 15:30:21');
INSERT INTO reactions (user_id, post_id, comment_id, reaction_type, created_at) VALUES (43, NULL, 183, 'like', '2025-04-16 15:30:21');
INSERT INTO reactions (user_id, post_id, comment_id, reaction_type, created_at) VALUES (9, NULL, 183, 'wow', '2025-04-16 15:30:21');
INSERT INTO reactions (user_id, post_id, comment_id, reaction_type, created_at) VALUES (42, NULL, 183, 'haha', '2025-04-16 15:30:21');
INSERT INTO reported_comments (id, comment_id, reported_by, reason, created_at) VALUES (31, 183, 7, 'Spam', '2025-04-16 15:30:21');
INSERT INTO comments (id, post_id, user_id, parent_comment_id, content, created_at) VALUES (184, 30, 1, NULL, 'To every once civil already.', '2025-04-16 15:30:21');
INSERT INTO reactions (user_id, post_id, comment_id, reaction_type, created_at) VALUES (8, NULL, 184, 'wow', '2025-04-16 15:30:21');
INSERT INTO reactions (user_id, post_id, comment_id, reaction_type, created_at) VALUES (21, NULL, 184, 'wow', '2025-04-16 15:30:21');
INSERT INTO reactions (user_id, post_id, comment_id, reaction_type, created_at) VALUES (27, NULL, 184, 'sad', '2025-04-16 15:30:21');
INSERT INTO reactions (user_id, post_id, comment_id, reaction_type, created_at) VALUES (23, NULL, 184, 'sad', '2025-04-16 15:30:21');
INSERT INTO reactions (user_id, post_id, comment_id, reaction_type, created_at) VALUES (19, NULL, 184, 'wow', '2025-04-16 15:30:21');
INSERT INTO reactions (user_id, post_id, comment_id, reaction_type, created_at) VALUES (17, NULL, 184, 'wow', '2025-04-16 15:30:21');
INSERT INTO reactions (user_id, post_id, comment_id, reaction_type, created_at) VALUES (20, NULL, 184, 'like', '2025-04-16 15:30:21');
INSERT INTO reactions (user_id, post_id, comment_id, reaction_type, created_at) VALUES (47, NULL, 184, 'angry', '2025-04-16 15:30:21');
INSERT INTO reactions (user_id, post_id, comment_id, reaction_type, created_at) VALUES (23, NULL, 184, 'wow', '2025-04-16 15:30:21');
INSERT INTO reported_comments (id, comment_id, reported_by, reason, created_at) VALUES (32, 184, 49, 'False information', '2025-04-16 15:30:21');
INSERT INTO comments (id, post_id, user_id, parent_comment_id, content, created_at) VALUES (185, 30, 49, NULL, 'System agreement executive face type century be.', '2025-04-16 15:30:21');
INSERT INTO reactions (user_id, post_id, comment_id, reaction_type, created_at) VALUES (6, NULL, 185, 'wow', '2025-04-16 15:30:21');
INSERT INTO reactions (user_id, post_id, comment_id, reaction_type, created_at) VALUES (40, NULL, 185, 'like', '2025-04-16 15:30:21');
INSERT INTO posts (id, user_id, content, media_url, is_private, created_at, updated_at) VALUES (31, 7, 'Webb brings dying star''s energetic display into full focus - European Space Agency - Planetary Nebula NGC 1514 (MIRI image)', 'https://www.esa.int/var/esa/storage/images/esa_multimedia/images/2025/04/webb_brings_dying_star_s_energetic_display_into_full_focus/26660045-1-eng-GB/Webb_brings_dying_star_s_energetic_display_into_full_focus_pillars.jpg', 0, '2025-04-16 15:30:21', '2025-04-16 15:30:21');
INSERT INTO reactions (user_id, post_id, comment_id, reaction_type, created_at) VALUES (4, 31, NULL, 'love', '2025-04-16 15:30:21');
INSERT INTO reactions (user_id, post_id, comment_id, reaction_type, created_at) VALUES (32, 31, NULL, 'sad', '2025-04-16 15:30:21');
INSERT INTO reactions (user_id, post_id, comment_id, reaction_type, created_at) VALUES (15, 31, NULL, 'haha', '2025-04-16 15:30:21');
INSERT INTO reactions (user_id, post_id, comment_id, reaction_type, created_at) VALUES (25, 31, NULL, 'haha', '2025-04-16 15:30:21');
INSERT INTO comments (id, post_id, user_id, parent_comment_id, content, created_at) VALUES (186, 31, 17, NULL, 'Rock safe wind summer he.', '2025-04-16 15:30:21');
INSERT INTO reactions (user_id, post_id, comment_id, reaction_type, created_at) VALUES (45, NULL, 186, 'love', '2025-04-16 15:30:21');
INSERT INTO reactions (user_id, post_id, comment_id, reaction_type, created_at) VALUES (29, NULL, 186, 'angry', '2025-04-16 15:30:21');
INSERT INTO reactions (user_id, post_id, comment_id, reaction_type, created_at) VALUES (3, NULL, 186, 'angry', '2025-04-16 15:30:21');
INSERT INTO reactions (user_id, post_id, comment_id, reaction_type, created_at) VALUES (42, NULL, 186, 'sad', '2025-04-16 15:30:21');
INSERT INTO reactions (user_id, post_id, comment_id, reaction_type, created_at) VALUES (15, NULL, 186, 'angry', '2025-04-16 15:30:21');
INSERT INTO reactions (user_id, post_id, comment_id, reaction_type, created_at) VALUES (16, NULL, 186, 'like', '2025-04-16 15:30:21');
INSERT INTO reactions (user_id, post_id, comment_id, reaction_type, created_at) VALUES (20, NULL, 186, 'wow', '2025-04-16 15:30:21');
INSERT INTO comments (id, post_id, user_id, parent_comment_id, content, created_at) VALUES (187, 31, 14, NULL, 'Cold under production far.', '2025-04-16 15:30:21');
INSERT INTO reactions (user_id, post_id, comment_id, reaction_type, created_at) VALUES (31, NULL, 187, 'sad', '2025-04-16 15:30:21');
INSERT INTO reactions (user_id, post_id, comment_id, reaction_type, created_at) VALUES (9, NULL, 187, 'angry', '2025-04-16 15:30:21');
INSERT INTO reactions (user_id, post_id, comment_id, reaction_type, created_at) VALUES (31, NULL, 187, 'sad', '2025-04-16 15:30:21');
INSERT INTO reactions (user_id, post_id, comment_id, reaction_type, created_at) VALUES (38, NULL, 187, 'haha', '2025-04-16 15:30:21');
INSERT INTO reported_comments (id, comment_id, reported_by, reason, created_at) VALUES (33, 187, 28, 'Violence', '2025-04-16 15:30:21');
INSERT INTO comments (id, post_id, user_id, parent_comment_id, content, created_at) VALUES (188, 31, 6, NULL, 'Popular middle scientist although list.', '2025-04-16 15:30:21');
INSERT INTO reactions (user_id, post_id, comment_id, reaction_type, created_at) VALUES (22, NULL, 188, 'wow', '2025-04-16 15:30:21');
INSERT INTO reactions (user_id, post_id, comment_id, reaction_type, created_at) VALUES (50, NULL, 188, 'like', '2025-04-16 15:30:21');
INSERT INTO reactions (user_id, post_id, comment_id, reaction_type, created_at) VALUES (6, NULL, 188, 'sad', '2025-04-16 15:30:21');
INSERT INTO comments (id, post_id, user_id, parent_comment_id, content, created_at) VALUES (189, 31, 3, NULL, 'See no them education woman major.', '2025-04-16 15:30:21');
INSERT INTO reactions (user_id, post_id, comment_id, reaction_type, created_at) VALUES (31, NULL, 189, 'like', '2025-04-16 15:30:21');
INSERT INTO reactions (user_id, post_id, comment_id, reaction_type, created_at) VALUES (40, NULL, 189, 'love', '2025-04-16 15:30:21');
INSERT INTO reactions (user_id, post_id, comment_id, reaction_type, created_at) VALUES (34, NULL, 189, 'haha', '2025-04-16 15:30:21');
INSERT INTO reactions (user_id, post_id, comment_id, reaction_type, created_at) VALUES (24, NULL, 189, 'like', '2025-04-16 15:30:21');
INSERT INTO reactions (user_id, post_id, comment_id, reaction_type, created_at) VALUES (45, NULL, 189, 'angry', '2025-04-16 15:30:21');
INSERT INTO reactions (user_id, post_id, comment_id, reaction_type, created_at) VALUES (34, NULL, 189, 'love', '2025-04-16 15:30:21');
INSERT INTO reactions (user_id, post_id, comment_id, reaction_type, created_at) VALUES (19, NULL, 189, 'love', '2025-04-16 15:30:21');
INSERT INTO reactions (user_id, post_id, comment_id, reaction_type, created_at) VALUES (18, NULL, 189, 'love', '2025-04-16 15:30:21');
INSERT INTO posts (id, user_id, content, media_url, is_private, created_at, updated_at) VALUES (32, 46, 'Half of the universe''s hydrogen gas, long unaccounted for, has been found - Phys.org - Astronomers tallying up all the normal matter—stars, galaxies and gas—in the universe today have come up embarrassingly short of the total matter produced in the Big Bang 13.6 billion years ago. In fact, more than half of normal matter—half of the 15% of the …', 'https://scx2.b-cdn.net/gfx/news/hires/2025/half-of-the-universes.jpg', 1, '2025-04-16 15:30:21', '2025-04-16 15:30:21');
INSERT INTO reactions (user_id, post_id, comment_id, reaction_type, created_at) VALUES (9, 32, NULL, 'love', '2025-04-16 15:30:21');
INSERT INTO reactions (user_id, post_id, comment_id, reaction_type, created_at) VALUES (10, 32, NULL, 'wow', '2025-04-16 15:30:21');
INSERT INTO reactions (user_id, post_id, comment_id, reaction_type, created_at) VALUES (26, 32, NULL, 'angry', '2025-04-16 15:30:21');
INSERT INTO reactions (user_id, post_id, comment_id, reaction_type, created_at) VALUES (26, 32, NULL, 'wow', '2025-04-16 15:30:21');
INSERT INTO reactions (user_id, post_id, comment_id, reaction_type, created_at) VALUES (24, 32, NULL, 'wow', '2025-04-16 15:30:21');
INSERT INTO reactions (user_id, post_id, comment_id, reaction_type, created_at) VALUES (34, 32, NULL, 'sad', '2025-04-16 15:30:21');
INSERT INTO reactions (user_id, post_id, comment_id, reaction_type, created_at) VALUES (39, 32, NULL, 'love', '2025-04-16 15:30:21');
INSERT INTO reactions (user_id, post_id, comment_id, reaction_type, created_at) VALUES (8, 32, NULL, 'like', '2025-04-16 15:30:21');
INSERT INTO reactions (user_id, post_id, comment_id, reaction_type, created_at) VALUES (4, 32, NULL, 'angry', '2025-04-16 15:30:21');
INSERT INTO comments (id, post_id, user_id, parent_comment_id, content, created_at) VALUES (190, 32, 40, NULL, 'Seven take today cost.', '2025-04-16 15:30:21');
INSERT INTO reactions (user_id, post_id, comment_id, reaction_type, created_at) VALUES (45, NULL, 190, 'like', '2025-04-16 15:30:21');
INSERT INTO reactions (user_id, post_id, comment_id, reaction_type, created_at) VALUES (34, NULL, 190, 'like', '2025-04-16 15:30:21');
INSERT INTO reactions (user_id, post_id, comment_id, reaction_type, created_at) VALUES (16, NULL, 190, 'wow', '2025-04-16 15:30:21');
INSERT INTO reactions (user_id, post_id, comment_id, reaction_type, created_at) VALUES (27, NULL, 190, 'love', '2025-04-16 15:30:21');
INSERT INTO reactions (user_id, post_id, comment_id, reaction_type, created_at) VALUES (4, NULL, 190, 'love', '2025-04-16 15:30:21');
INSERT INTO reported_comments (id, comment_id, reported_by, reason, created_at) VALUES (34, 190, 50, 'Harassment', '2025-04-16 15:30:21');
INSERT INTO comments (id, post_id, user_id, parent_comment_id, content, created_at) VALUES (191, 32, 31, NULL, 'Around expect catch at.', '2025-04-16 15:30:21');
INSERT INTO reactions (user_id, post_id, comment_id, reaction_type, created_at) VALUES (40, NULL, 191, 'wow', '2025-04-16 15:30:21');
INSERT INTO reactions (user_id, post_id, comment_id, reaction_type, created_at) VALUES (18, NULL, 191, 'love', '2025-04-16 15:30:21');
INSERT INTO reactions (user_id, post_id, comment_id, reaction_type, created_at) VALUES (19, NULL, 191, 'haha', '2025-04-16 15:30:21');
INSERT INTO reactions (user_id, post_id, comment_id, reaction_type, created_at) VALUES (33, NULL, 191, 'sad', '2025-04-16 15:30:21');
INSERT INTO reactions (user_id, post_id, comment_id, reaction_type, created_at) VALUES (12, NULL, 191, 'wow', '2025-04-16 15:30:21');
INSERT INTO reactions (user_id, post_id, comment_id, reaction_type, created_at) VALUES (41, NULL, 191, 'angry', '2025-04-16 15:30:21');
INSERT INTO reactions (user_id, post_id, comment_id, reaction_type, created_at) VALUES (35, NULL, 191, 'sad', '2025-04-16 15:30:21');
INSERT INTO reactions (user_id, post_id, comment_id, reaction_type, created_at) VALUES (16, NULL, 191, 'sad', '2025-04-16 15:30:21');
INSERT INTO reactions (user_id, post_id, comment_id, reaction_type, created_at) VALUES (48, NULL, 191, 'like', '2025-04-16 15:30:21');
INSERT INTO comments (id, post_id, user_id, parent_comment_id, content, created_at) VALUES (192, 32, 32, NULL, 'In western couple threat.', '2025-04-16 15:30:21');
INSERT INTO reactions (user_id, post_id, comment_id, reaction_type, created_at) VALUES (23, NULL, 192, 'angry', '2025-04-16 15:30:21');
INSERT INTO reactions (user_id, post_id, comment_id, reaction_type, created_at) VALUES (21, NULL, 192, 'haha', '2025-04-16 15:30:21');
INSERT INTO reactions (user_id, post_id, comment_id, reaction_type, created_at) VALUES (39, NULL, 192, 'like', '2025-04-16 15:30:21');
INSERT INTO reactions (user_id, post_id, comment_id, reaction_type, created_at) VALUES (6, NULL, 192, 'sad', '2025-04-16 15:30:21');
INSERT INTO reactions (user_id, post_id, comment_id, reaction_type, created_at) VALUES (33, NULL, 192, 'angry', '2025-04-16 15:30:21');
INSERT INTO comments (id, post_id, user_id, parent_comment_id, content, created_at) VALUES (193, 32, 30, NULL, 'Statement ground cold much.', '2025-04-16 15:30:21');
INSERT INTO reactions (user_id, post_id, comment_id, reaction_type, created_at) VALUES (34, NULL, 193, 'haha', '2025-04-16 15:30:21');
INSERT INTO reactions (user_id, post_id, comment_id, reaction_type, created_at) VALUES (34, NULL, 193, 'like', '2025-04-16 15:30:21');
INSERT INTO reactions (user_id, post_id, comment_id, reaction_type, created_at) VALUES (12, NULL, 193, 'haha', '2025-04-16 15:30:21');
INSERT INTO reactions (user_id, post_id, comment_id, reaction_type, created_at) VALUES (6, NULL, 193, 'wow', '2025-04-16 15:30:21');
INSERT INTO reactions (user_id, post_id, comment_id, reaction_type, created_at) VALUES (16, NULL, 193, 'like', '2025-04-16 15:30:21');
INSERT INTO reactions (user_id, post_id, comment_id, reaction_type, created_at) VALUES (6, NULL, 193, 'like', '2025-04-16 15:30:21');
INSERT INTO reported_comments (id, comment_id, reported_by, reason, created_at) VALUES (35, 193, 4, 'Violence', '2025-04-16 15:30:21');
INSERT INTO comments (id, post_id, user_id, parent_comment_id, content, created_at) VALUES (194, 32, 38, NULL, 'Wear within less.', '2025-04-16 15:30:21');
INSERT INTO reactions (user_id, post_id, comment_id, reaction_type, created_at) VALUES (20, NULL, 194, 'angry', '2025-04-16 15:30:21');
INSERT INTO comments (id, post_id, user_id, parent_comment_id, content, created_at) VALUES (195, 32, 50, NULL, 'President yet allow institution reduce rather.', '2025-04-16 15:30:21');
INSERT INTO reactions (user_id, post_id, comment_id, reaction_type, created_at) VALUES (6, NULL, 195, 'angry', '2025-04-16 15:30:21');
INSERT INTO comments (id, post_id, user_id, parent_comment_id, content, created_at) VALUES (196, 32, 23, NULL, 'Treatment job but technology war.', '2025-04-16 15:30:21');
INSERT INTO reactions (user_id, post_id, comment_id, reaction_type, created_at) VALUES (4, NULL, 196, 'wow', '2025-04-16 15:30:21');
INSERT INTO reactions (user_id, post_id, comment_id, reaction_type, created_at) VALUES (7, NULL, 196, 'wow', '2025-04-16 15:30:21');
INSERT INTO reactions (user_id, post_id, comment_id, reaction_type, created_at) VALUES (40, NULL, 196, 'haha', '2025-04-16 15:30:21');
INSERT INTO reactions (user_id, post_id, comment_id, reaction_type, created_at) VALUES (36, NULL, 196, 'sad', '2025-04-16 15:30:21');
INSERT INTO reactions (user_id, post_id, comment_id, reaction_type, created_at) VALUES (12, NULL, 196, 'angry', '2025-04-16 15:30:21');
INSERT INTO reactions (user_id, post_id, comment_id, reaction_type, created_at) VALUES (1, NULL, 196, 'wow', '2025-04-16 15:30:21');
INSERT INTO reactions (user_id, post_id, comment_id, reaction_type, created_at) VALUES (39, NULL, 196, 'wow', '2025-04-16 15:30:21');
INSERT INTO reported_comments (id, comment_id, reported_by, reason, created_at) VALUES (36, 196, 11, 'False information', '2025-04-16 15:30:21');
INSERT INTO posts (id, user_id, content, media_url, is_private, created_at, updated_at) VALUES (33, 48, 'HBO Original Harry Potter Series Casts John Lithgow, Janet McTeer, Paapa Essiedu, Nick Frost, Luke Thallon, And Paul Whitehouse - Warner Bros. Discovery - Harry Potter Cast (from left to right): John Lithgow (Credit: Jessica Howes), Janet McTeer (Credit: Andrew Crowley), Paapa Essiedu (Credit: Ruth Crafer),', 'None', 1, '2025-04-16 15:30:21', '2025-04-16 15:30:21');
INSERT INTO reactions (user_id, post_id, comment_id, reaction_type, created_at) VALUES (18, 33, NULL, 'love', '2025-04-16 15:30:21');
INSERT INTO comments (id, post_id, user_id, parent_comment_id, content, created_at) VALUES (197, 33, 43, NULL, 'Check suddenly me main first that detail.', '2025-04-16 15:30:21');
INSERT INTO reactions (user_id, post_id, comment_id, reaction_type, created_at) VALUES (16, NULL, 197, 'sad', '2025-04-16 15:30:21');
INSERT INTO reactions (user_id, post_id, comment_id, reaction_type, created_at) VALUES (45, NULL, 197, 'angry', '2025-04-16 15:30:21');
INSERT INTO comments (id, post_id, user_id, parent_comment_id, content, created_at) VALUES (198, 33, 6, 197, 'Family develop wind ten.', '2025-04-16 15:30:21');
INSERT INTO reactions (user_id, post_id, comment_id, reaction_type, created_at) VALUES (41, NULL, 198, 'haha', '2025-04-16 15:30:21');
INSERT INTO reactions (user_id, post_id, comment_id, reaction_type, created_at) VALUES (16, NULL, 198, 'love', '2025-04-16 15:30:21');
INSERT INTO reactions (user_id, post_id, comment_id, reaction_type, created_at) VALUES (8, NULL, 198, 'haha', '2025-04-16 15:30:21');
INSERT INTO reactions (user_id, post_id, comment_id, reaction_type, created_at) VALUES (13, NULL, 198, 'wow', '2025-04-16 15:30:21');
INSERT INTO reactions (user_id, post_id, comment_id, reaction_type, created_at) VALUES (43, NULL, 198, 'wow', '2025-04-16 15:30:21');
INSERT INTO reactions (user_id, post_id, comment_id, reaction_type, created_at) VALUES (49, NULL, 198, 'like', '2025-04-16 15:30:21');
INSERT INTO reactions (user_id, post_id, comment_id, reaction_type, created_at) VALUES (25, NULL, 198, 'sad', '2025-04-16 15:30:21');
INSERT INTO comments (id, post_id, user_id, parent_comment_id, content, created_at) VALUES (199, 33, 19, NULL, 'Economy difference house stay stage rise dinner.', '2025-04-16 15:30:21');
INSERT INTO reactions (user_id, post_id, comment_id, reaction_type, created_at) VALUES (26, NULL, 199, 'love', '2025-04-16 15:30:21');
INSERT INTO reactions (user_id, post_id, comment_id, reaction_type, created_at) VALUES (44, NULL, 199, 'sad', '2025-04-16 15:30:21');
INSERT INTO reactions (user_id, post_id, comment_id, reaction_type, created_at) VALUES (40, NULL, 199, 'haha', '2025-04-16 15:30:21');
INSERT INTO reactions (user_id, post_id, comment_id, reaction_type, created_at) VALUES (25, NULL, 199, 'angry', '2025-04-16 15:30:21');
INSERT INTO reactions (user_id, post_id, comment_id, reaction_type, created_at) VALUES (13, NULL, 199, 'like', '2025-04-16 15:30:21');
INSERT INTO comments (id, post_id, user_id, parent_comment_id, content, created_at) VALUES (200, 33, 48, NULL, 'Fund truth produce read price order.', '2025-04-16 15:30:21');
INSERT INTO reactions (user_id, post_id, comment_id, reaction_type, created_at) VALUES (9, NULL, 200, 'like', '2025-04-16 15:30:21');
INSERT INTO reported_comments (id, comment_id, reported_by, reason, created_at) VALUES (37, 200, 7, 'Hate speech', '2025-04-16 15:30:21');
INSERT INTO posts (id, user_id, content, media_url, is_private, created_at, updated_at) VALUES (34, 13, 'See Two Meteor Showers And A ‘Planet Parade:’ The Night Sky This Week - Forbes - Each Monday, I pick out North America’s celestial highlights for the week ahead (which also apply to mid-northern latitudes in the northern hemisphere).', 'https://imageio.forbes.com/specials-images/imageserve/67f38933cffbd078601dbf39/0x0.jpg?format=jpg&height=900&width=1600&fit=bounds', 1, '2025-04-16 15:30:21', '2025-04-16 15:30:21');
INSERT INTO reactions (user_id, post_id, comment_id, reaction_type, created_at) VALUES (16, 34, NULL, 'sad', '2025-04-16 15:30:21');
INSERT INTO reactions (user_id, post_id, comment_id, reaction_type, created_at) VALUES (19, 34, NULL, 'wow', '2025-04-16 15:30:21');
INSERT INTO comments (id, post_id, user_id, parent_comment_id, content, created_at) VALUES (201, 34, 27, NULL, 'Chance dinner summer accept series.', '2025-04-16 15:30:21');
INSERT INTO reactions (user_id, post_id, comment_id, reaction_type, created_at) VALUES (35, NULL, 201, 'sad', '2025-04-16 15:30:21');
INSERT INTO reactions (user_id, post_id, comment_id, reaction_type, created_at) VALUES (9, NULL, 201, 'like', '2025-04-16 15:30:21');
INSERT INTO reactions (user_id, post_id, comment_id, reaction_type, created_at) VALUES (18, NULL, 201, 'love', '2025-04-16 15:30:21');
INSERT INTO reactions (user_id, post_id, comment_id, reaction_type, created_at) VALUES (48, NULL, 201, 'wow', '2025-04-16 15:30:21');
INSERT INTO reactions (user_id, post_id, comment_id, reaction_type, created_at) VALUES (15, NULL, 201, 'angry', '2025-04-16 15:30:21');
INSERT INTO reactions (user_id, post_id, comment_id, reaction_type, created_at) VALUES (1, NULL, 201, 'haha', '2025-04-16 15:30:21');
INSERT INTO comments (id, post_id, user_id, parent_comment_id, content, created_at) VALUES (202, 34, 43, 201, 'Box friend ever another method born amount.', '2025-04-16 15:30:21');
INSERT INTO reactions (user_id, post_id, comment_id, reaction_type, created_at) VALUES (14, NULL, 202, 'love', '2025-04-16 15:30:21');
INSERT INTO reactions (user_id, post_id, comment_id, reaction_type, created_at) VALUES (22, NULL, 202, 'love', '2025-04-16 15:30:21');
INSERT INTO comments (id, post_id, user_id, parent_comment_id, content, created_at) VALUES (203, 34, 22, 202, 'Later result imagine.', '2025-04-16 15:30:21');
INSERT INTO reactions (user_id, post_id, comment_id, reaction_type, created_at) VALUES (28, NULL, 203, 'wow', '2025-04-16 15:30:21');
INSERT INTO reactions (user_id, post_id, comment_id, reaction_type, created_at) VALUES (21, NULL, 203, 'wow', '2025-04-16 15:30:21');
INSERT INTO reactions (user_id, post_id, comment_id, reaction_type, created_at) VALUES (50, NULL, 203, 'like', '2025-04-16 15:30:21');
INSERT INTO comments (id, post_id, user_id, parent_comment_id, content, created_at) VALUES (204, 34, 20, NULL, 'System someone claim five coach past successful.', '2025-04-16 15:30:21');
INSERT INTO reactions (user_id, post_id, comment_id, reaction_type, created_at) VALUES (36, NULL, 204, 'haha', '2025-04-16 15:30:21');
INSERT INTO comments (id, post_id, user_id, parent_comment_id, content, created_at) VALUES (205, 34, 44, NULL, 'Behavior artist security from tell call choose scientist.', '2025-04-16 15:30:21');
INSERT INTO reactions (user_id, post_id, comment_id, reaction_type, created_at) VALUES (40, NULL, 205, 'sad', '2025-04-16 15:30:21');
INSERT INTO reactions (user_id, post_id, comment_id, reaction_type, created_at) VALUES (22, NULL, 205, 'angry', '2025-04-16 15:30:21');
INSERT INTO reactions (user_id, post_id, comment_id, reaction_type, created_at) VALUES (15, NULL, 205, 'like', '2025-04-16 15:30:21');
INSERT INTO reactions (user_id, post_id, comment_id, reaction_type, created_at) VALUES (44, NULL, 205, 'sad', '2025-04-16 15:30:21');
INSERT INTO reactions (user_id, post_id, comment_id, reaction_type, created_at) VALUES (47, NULL, 205, 'angry', '2025-04-16 15:30:21');
INSERT INTO reactions (user_id, post_id, comment_id, reaction_type, created_at) VALUES (35, NULL, 205, 'angry', '2025-04-16 15:30:21');
INSERT INTO comments (id, post_id, user_id, parent_comment_id, content, created_at) VALUES (206, 34, 15, NULL, 'Door responsibility its strategy might analysis.', '2025-04-16 15:30:21');
INSERT INTO reactions (user_id, post_id, comment_id, reaction_type, created_at) VALUES (39, NULL, 206, 'angry', '2025-04-16 15:30:21');
INSERT INTO reactions (user_id, post_id, comment_id, reaction_type, created_at) VALUES (20, NULL, 206, 'angry', '2025-04-16 15:30:21');
INSERT INTO reactions (user_id, post_id, comment_id, reaction_type, created_at) VALUES (36, NULL, 206, 'haha', '2025-04-16 15:30:21');
INSERT INTO reactions (user_id, post_id, comment_id, reaction_type, created_at) VALUES (35, NULL, 206, 'wow', '2025-04-16 15:30:21');
INSERT INTO reactions (user_id, post_id, comment_id, reaction_type, created_at) VALUES (7, NULL, 206, 'wow', '2025-04-16 15:30:21');
INSERT INTO reactions (user_id, post_id, comment_id, reaction_type, created_at) VALUES (23, NULL, 206, 'sad', '2025-04-16 15:30:21');
INSERT INTO reactions (user_id, post_id, comment_id, reaction_type, created_at) VALUES (30, NULL, 206, 'angry', '2025-04-16 15:30:21');
INSERT INTO reactions (user_id, post_id, comment_id, reaction_type, created_at) VALUES (47, NULL, 206, 'sad', '2025-04-16 15:30:21');
INSERT INTO reactions (user_id, post_id, comment_id, reaction_type, created_at) VALUES (23, NULL, 206, 'like', '2025-04-16 15:30:21');
INSERT INTO reactions (user_id, post_id, comment_id, reaction_type, created_at) VALUES (43, NULL, 206, 'like', '2025-04-16 15:30:21');
INSERT INTO comments (id, post_id, user_id, parent_comment_id, content, created_at) VALUES (207, 34, 31, 206, 'Season role national scientist less hour chair.', '2025-04-16 15:30:21');
INSERT INTO reactions (user_id, post_id, comment_id, reaction_type, created_at) VALUES (21, NULL, 207, 'sad', '2025-04-16 15:30:21');
INSERT INTO reported_comments (id, comment_id, reported_by, reason, created_at) VALUES (38, 207, 22, 'Spam', '2025-04-16 15:30:21');
INSERT INTO comments (id, post_id, user_id, parent_comment_id, content, created_at) VALUES (208, 34, 23, NULL, 'Key service right anyone business answer firm.', '2025-04-16 15:30:21');
INSERT INTO reactions (user_id, post_id, comment_id, reaction_type, created_at) VALUES (19, NULL, 208, 'sad', '2025-04-16 15:30:21');
INSERT INTO reactions (user_id, post_id, comment_id, reaction_type, created_at) VALUES (39, NULL, 208, 'angry', '2025-04-16 15:30:21');
INSERT INTO reactions (user_id, post_id, comment_id, reaction_type, created_at) VALUES (48, NULL, 208, 'love', '2025-04-16 15:30:21');
INSERT INTO reported_comments (id, comment_id, reported_by, reason, created_at) VALUES (39, 208, 8, 'Violence', '2025-04-16 15:30:21');
COMMIT;
