BEGIN;
INSERT INTO posts (id, user_id, content, media_url) VALUES (1, 9, 'Live updates: London’s Heathrow Airport closes after substation fire, upending global travel - The Washington Post - One of the world’s busiest airports will be shut down all day Friday due to a fire at a substation that supplies it with power.', 'https://www.washingtonpost.com/wp-apps/imrs.php?src=https://arc-anglerfish-washpost-prod-washpost.s3.amazonaws.com/public/HYB567K5S6Z5B3STSTHNKNXQMQ_size-normalized.jpg&w=1440');
INSERT INTO reactions (user_id, post_id, comment_id, reaction_type) VALUES (35, 1, NULL, 'sad');
INSERT INTO reactions (user_id, post_id, comment_id, reaction_type) VALUES (31, 1, NULL, 'love');
INSERT INTO reactions (user_id, post_id, comment_id, reaction_type) VALUES (1, 1, NULL, 'haha');
INSERT INTO comments (id, post_id, user_id, content) VALUES (1, 1, 44, 'Health property authority occur condition your phone.');
INSERT INTO reactions (user_id, post_id, comment_id, reaction_type) VALUES (25, NULL, 1, 'sad');
INSERT INTO reactions (user_id, post_id, comment_id, reaction_type) VALUES (9, NULL, 1, 'like');
INSERT INTO reactions (user_id, post_id, comment_id, reaction_type) VALUES (48, NULL, 1, 'sad');
INSERT INTO comments (id, post_id, user_id, content) VALUES (2, 1, 32, 'We this address idea last culture threat always.');
INSERT INTO reactions (user_id, post_id, comment_id, reaction_type) VALUES (7, NULL, 2, 'love');
INSERT INTO reactions (user_id, post_id, comment_id, reaction_type) VALUES (20, NULL, 2, 'haha');
INSERT INTO reactions (user_id, post_id, comment_id, reaction_type) VALUES (44, NULL, 2, 'haha');
INSERT INTO reactions (user_id, post_id, comment_id, reaction_type) VALUES (9, NULL, 2, 'sad');
INSERT INTO comments (id, post_id, user_id, content) VALUES (3, 1, 16, 'Message their enough public.');
INSERT INTO reactions (user_id, post_id, comment_id, reaction_type) VALUES (50, NULL, 3, 'like');
INSERT INTO comments (id, post_id, user_id, content) VALUES (4, 1, 3, 'Value throw customer.');
INSERT INTO comments (id, post_id, user_id, content) VALUES (5, 1, 6, 'Meeting suggest still.');
INSERT INTO reactions (user_id, post_id, comment_id, reaction_type) VALUES (33, NULL, 5, 'angry');
INSERT INTO reactions (user_id, post_id, comment_id, reaction_type) VALUES (40, NULL, 5, 'like');
INSERT INTO reactions (user_id, post_id, comment_id, reaction_type) VALUES (37, NULL, 5, 'sad');
INSERT INTO reactions (user_id, post_id, comment_id, reaction_type) VALUES (26, NULL, 5, 'like');
INSERT INTO reactions (user_id, post_id, comment_id, reaction_type) VALUES (26, NULL, 5, 'love');
INSERT INTO posts (id, user_id, content, media_url) VALUES (2, 46, 'Why Anthropic’s Claude still hasn’t beaten Pokémon - Ars Technica - Weeks later, Sonnet’s “reasoning” model is struggling with a game designed for children.', 'https://cdn.arstechnica.net/wp-content/uploads/2025/03/ai-plays-pokemon-1152x648.jpg');
INSERT INTO reactions (user_id, post_id, comment_id, reaction_type) VALUES (43, 2, NULL, 'like');
INSERT INTO comments (id, post_id, user_id, content) VALUES (11, 2, 18, 'More director poor themselves else four.');
INSERT INTO reactions (user_id, post_id, comment_id, reaction_type) VALUES (19, NULL, 11, 'like');
INSERT INTO reactions (user_id, post_id, comment_id, reaction_type) VALUES (3, NULL, 11, 'sad');
INSERT INTO reactions (user_id, post_id, comment_id, reaction_type) VALUES (20, NULL, 11, 'love');
INSERT INTO reactions (user_id, post_id, comment_id, reaction_type) VALUES (18, NULL, 11, 'haha');
INSERT INTO comments (id, post_id, user_id, content) VALUES (12, 2, 35, 'Agent perhaps law hair.');
INSERT INTO reactions (user_id, post_id, comment_id, reaction_type) VALUES (21, NULL, 12, 'haha');
INSERT INTO reactions (user_id, post_id, comment_id, reaction_type) VALUES (39, NULL, 12, 'love');
INSERT INTO reactions (user_id, post_id, comment_id, reaction_type) VALUES (26, NULL, 12, 'like');
INSERT INTO comments (id, post_id, user_id, content) VALUES (13, 2, 12, 'Area technology quickly let recognize investment street.');
INSERT INTO reactions (user_id, post_id, comment_id, reaction_type) VALUES (50, NULL, 13, 'haha');
INSERT INTO reactions (user_id, post_id, comment_id, reaction_type) VALUES (21, NULL, 13, 'like');
INSERT INTO reactions (user_id, post_id, comment_id, reaction_type) VALUES (21, NULL, 13, 'sad');
INSERT INTO reactions (user_id, post_id, comment_id, reaction_type) VALUES (35, NULL, 13, 'sad');
INSERT INTO reactions (user_id, post_id, comment_id, reaction_type) VALUES (34, NULL, 13, 'like');
INSERT INTO comments (id, post_id, user_id, content) VALUES (14, 2, 35, 'Local long early.');
INSERT INTO reactions (user_id, post_id, comment_id, reaction_type) VALUES (22, NULL, 14, 'angry');
INSERT INTO reactions (user_id, post_id, comment_id, reaction_type) VALUES (8, NULL, 14, 'love');
INSERT INTO reactions (user_id, post_id, comment_id, reaction_type) VALUES (22, NULL, 14, 'love');
INSERT INTO reactions (user_id, post_id, comment_id, reaction_type) VALUES (49, NULL, 14, 'angry');
INSERT INTO reactions (user_id, post_id, comment_id, reaction_type) VALUES (41, NULL, 14, 'like');
INSERT INTO comments (id, post_id, user_id, content) VALUES (15, 2, 47, 'Relationship financial agree out.');
INSERT INTO reactions (user_id, post_id, comment_id, reaction_type) VALUES (7, NULL, 15, 'angry');
INSERT INTO reactions (user_id, post_id, comment_id, reaction_type) VALUES (25, NULL, 15, 'love');
INSERT INTO reactions (user_id, post_id, comment_id, reaction_type) VALUES (48, NULL, 15, 'sad');
INSERT INTO posts (id, user_id, content, media_url) VALUES (3, 48, 'Musk Tells Tesla Employees Hang On to Stock After 50% Plunge - Bloomberg - Elon Musk sought to reassure Tesla Inc. employees through what he referred to as “a little bit of stormy weather,” after the carmaker’s shares plunged more than 50% in just three months.', 'https://assets.bwbx.io/images/users/iqjWHBFdfxIU/i0a6fJsO9sBM/v1/1200x800.jpg');
INSERT INTO reactions (user_id, post_id, comment_id, reaction_type) VALUES (34, 3, NULL, 'love');
INSERT INTO reactions (user_id, post_id, comment_id, reaction_type) VALUES (46, 3, NULL, 'sad');
INSERT INTO comments (id, post_id, user_id, content) VALUES (21, 3, 6, 'These support around fire little yet miss official.');
INSERT INTO reactions (user_id, post_id, comment_id, reaction_type) VALUES (29, NULL, 21, 'haha');
INSERT INTO reactions (user_id, post_id, comment_id, reaction_type) VALUES (10, NULL, 21, 'love');
INSERT INTO comments (id, post_id, user_id, content) VALUES (22, 3, 32, 'Arm something return world.');
INSERT INTO reactions (user_id, post_id, comment_id, reaction_type) VALUES (35, NULL, 22, 'like');
INSERT INTO reactions (user_id, post_id, comment_id, reaction_type) VALUES (37, NULL, 22, 'like');
INSERT INTO reactions (user_id, post_id, comment_id, reaction_type) VALUES (25, NULL, 22, 'sad');
INSERT INTO reactions (user_id, post_id, comment_id, reaction_type) VALUES (8, NULL, 22, 'like');
INSERT INTO comments (id, post_id, user_id, content) VALUES (23, 3, 34, 'Senior assume seat less morning.');
INSERT INTO reactions (user_id, post_id, comment_id, reaction_type) VALUES (16, NULL, 23, 'love');
INSERT INTO reactions (user_id, post_id, comment_id, reaction_type) VALUES (20, NULL, 23, 'love');
INSERT INTO reactions (user_id, post_id, comment_id, reaction_type) VALUES (47, NULL, 23, 'love');
INSERT INTO reactions (user_id, post_id, comment_id, reaction_type) VALUES (1, NULL, 23, 'love');
INSERT INTO reactions (user_id, post_id, comment_id, reaction_type) VALUES (25, NULL, 23, 'sad');
INSERT INTO comments (id, post_id, user_id, content) VALUES (24, 3, 2, 'City million poor figure return response knowledge.');
INSERT INTO reactions (user_id, post_id, comment_id, reaction_type) VALUES (46, NULL, 24, 'haha');
INSERT INTO comments (id, post_id, user_id, content) VALUES (25, 3, 34, 'Suddenly however name style address plant.');
INSERT INTO reactions (user_id, post_id, comment_id, reaction_type) VALUES (39, NULL, 25, 'love');
INSERT INTO reactions (user_id, post_id, comment_id, reaction_type) VALUES (1, NULL, 25, 'like');
INSERT INTO reactions (user_id, post_id, comment_id, reaction_type) VALUES (3, NULL, 25, 'angry');
INSERT INTO reactions (user_id, post_id, comment_id, reaction_type) VALUES (27, NULL, 25, 'love');
INSERT INTO posts (id, user_id, content, media_url) VALUES (4, 47, 'Samsung confirms initial list of Galaxy devices getting Android 15 - 9to5Google - One UI 7 is finally nearing the end of testing and will soon be available to users in a stable...', 'https://i0.wp.com/9to5google.com/wp-content/uploads/sites/4/2024/09/Samsung-Galaxy-S24-Ultra-3.jpg?resize=1200%2C628&quality=82&strip=all&ssl=1');
INSERT INTO reactions (user_id, post_id, comment_id, reaction_type) VALUES (10, 4, NULL, 'sad');
INSERT INTO reactions (user_id, post_id, comment_id, reaction_type) VALUES (22, 4, NULL, 'like');
INSERT INTO reactions (user_id, post_id, comment_id, reaction_type) VALUES (13, 4, NULL, 'love');
INSERT INTO comments (id, post_id, user_id, content) VALUES (31, 4, 4, 'Condition might area physical water.');
INSERT INTO reactions (user_id, post_id, comment_id, reaction_type) VALUES (25, NULL, 31, 'angry');
INSERT INTO reactions (user_id, post_id, comment_id, reaction_type) VALUES (12, NULL, 31, 'like');
INSERT INTO reactions (user_id, post_id, comment_id, reaction_type) VALUES (22, NULL, 31, 'love');
INSERT INTO reactions (user_id, post_id, comment_id, reaction_type) VALUES (3, NULL, 31, 'sad');
INSERT INTO reactions (user_id, post_id, comment_id, reaction_type) VALUES (15, NULL, 31, 'love');
INSERT INTO comments (id, post_id, user_id, content) VALUES (32, 4, 13, 'Close along allow sit cultural those.');
INSERT INTO reactions (user_id, post_id, comment_id, reaction_type) VALUES (24, NULL, 32, 'sad');
INSERT INTO reactions (user_id, post_id, comment_id, reaction_type) VALUES (39, NULL, 32, 'like');
INSERT INTO reactions (user_id, post_id, comment_id, reaction_type) VALUES (4, NULL, 32, 'angry');
INSERT INTO comments (id, post_id, user_id, content) VALUES (33, 4, 24, 'Maintain lawyer go.');
INSERT INTO reactions (user_id, post_id, comment_id, reaction_type) VALUES (15, NULL, 33, 'sad');
INSERT INTO reactions (user_id, post_id, comment_id, reaction_type) VALUES (3, NULL, 33, 'love');
INSERT INTO reactions (user_id, post_id, comment_id, reaction_type) VALUES (29, NULL, 33, 'haha');
INSERT INTO reactions (user_id, post_id, comment_id, reaction_type) VALUES (31, NULL, 33, 'love');
INSERT INTO reactions (user_id, post_id, comment_id, reaction_type) VALUES (25, NULL, 33, 'haha');
INSERT INTO comments (id, post_id, user_id, content) VALUES (34, 4, 47, 'Nor style get matter every.');
INSERT INTO reactions (user_id, post_id, comment_id, reaction_type) VALUES (33, NULL, 34, 'sad');
INSERT INTO reactions (user_id, post_id, comment_id, reaction_type) VALUES (40, NULL, 34, 'angry');
INSERT INTO comments (id, post_id, user_id, content) VALUES (35, 4, 31, 'Case another stop debate surface learn play factor.');
INSERT INTO reactions (user_id, post_id, comment_id, reaction_type) VALUES (16, NULL, 35, 'like');
INSERT INTO posts (id, user_id, content, media_url) VALUES (5, 47, 'Judge releases video of himself disassembling guns in chambers in dissent against court ruling - CBS News - Judge Lawrence VanDyke released the video after a California appeals court upheld a ban on high-capacity gun magazines.', 'https://assets1.cbsnewsstatic.com/hub/i/r/2025/03/21/eb5e84a4-39e2-426e-b3f9-d56d2d40700a/thumbnail/1200x630/0b97deeb971266418a1bf0d917381902/judge-holds-gun-screenshot-2025-03-21-082640.png?v=9e5c48f1b04ac2a564e8a4c51250ac89');
INSERT INTO reactions (user_id, post_id, comment_id, reaction_type) VALUES (3, 5, NULL, 'angry');
INSERT INTO reactions (user_id, post_id, comment_id, reaction_type) VALUES (16, 5, NULL, 'sad');
INSERT INTO reactions (user_id, post_id, comment_id, reaction_type) VALUES (45, 5, NULL, 'haha');
INSERT INTO reactions (user_id, post_id, comment_id, reaction_type) VALUES (17, 5, NULL, 'like');
INSERT INTO comments (id, post_id, user_id, content) VALUES (41, 5, 2, 'Often force big.');
INSERT INTO comments (id, post_id, user_id, content) VALUES (42, 5, 19, 'Life since claim green out sense election.');
INSERT INTO reactions (user_id, post_id, comment_id, reaction_type) VALUES (25, NULL, 42, 'angry');
INSERT INTO reactions (user_id, post_id, comment_id, reaction_type) VALUES (34, NULL, 42, 'angry');
INSERT INTO comments (id, post_id, user_id, content) VALUES (43, 5, 42, 'Seek fall speak item adult part.');
INSERT INTO reactions (user_id, post_id, comment_id, reaction_type) VALUES (46, NULL, 43, 'like');
INSERT INTO reactions (user_id, post_id, comment_id, reaction_type) VALUES (9, NULL, 43, 'haha');
INSERT INTO comments (id, post_id, user_id, content) VALUES (44, 5, 40, 'Loss Republican outside follow.');
INSERT INTO comments (id, post_id, user_id, content) VALUES (45, 5, 18, 'Population eight two glass sit crime change.');
INSERT INTO reactions (user_id, post_id, comment_id, reaction_type) VALUES (47, NULL, 45, 'haha');
INSERT INTO reactions (user_id, post_id, comment_id, reaction_type) VALUES (38, NULL, 45, 'haha');
INSERT INTO posts (id, user_id, content, media_url) VALUES (6, 5, 'Hamas weighs latest US ceasefire plan as Israel vows to keep seizing land until hostages are freed - CNN - Hamas says it is considering the latest US ceasefire plan for Gaza and remains “fully engaged” in the mediation process as Israel vowed to escalate its renewed campaign in Gaza to pressure the militants into releasing hostages.', 'https://media.cnn.com/api/v1/images/stellar/prod/01-2025-03-19t200624z-718024299-rc2ggdacy0tl-rtrmadp-3-israel-palestinians-gaza-war.JPG?c=16x9&q=w_800,c_fill');
INSERT INTO reactions (user_id, post_id, comment_id, reaction_type) VALUES (3, 6, NULL, 'sad');
INSERT INTO comments (id, post_id, user_id, content) VALUES (51, 6, 37, 'Protect total present main reveal benefit.');
INSERT INTO reactions (user_id, post_id, comment_id, reaction_type) VALUES (2, NULL, 51, 'haha');
INSERT INTO reactions (user_id, post_id, comment_id, reaction_type) VALUES (15, NULL, 51, 'angry');
INSERT INTO comments (id, post_id, user_id, content) VALUES (52, 6, 46, 'Eight picture safe eat unit.');
INSERT INTO reactions (user_id, post_id, comment_id, reaction_type) VALUES (30, NULL, 52, 'sad');
INSERT INTO reactions (user_id, post_id, comment_id, reaction_type) VALUES (40, NULL, 52, 'sad');
INSERT INTO reactions (user_id, post_id, comment_id, reaction_type) VALUES (26, NULL, 52, 'love');
INSERT INTO comments (id, post_id, user_id, content) VALUES (53, 6, 7, 'Wrong drop collection usually.');
INSERT INTO reactions (user_id, post_id, comment_id, reaction_type) VALUES (30, NULL, 53, 'angry');
INSERT INTO reactions (user_id, post_id, comment_id, reaction_type) VALUES (6, NULL, 53, 'sad');
INSERT INTO reactions (user_id, post_id, comment_id, reaction_type) VALUES (23, NULL, 53, 'sad');
INSERT INTO reactions (user_id, post_id, comment_id, reaction_type) VALUES (9, NULL, 53, 'haha');
INSERT INTO comments (id, post_id, user_id, content) VALUES (54, 6, 36, 'Brother them get positive read activity.');
INSERT INTO reactions (user_id, post_id, comment_id, reaction_type) VALUES (4, NULL, 54, 'love');
INSERT INTO reactions (user_id, post_id, comment_id, reaction_type) VALUES (1, NULL, 54, 'sad');
INSERT INTO comments (id, post_id, user_id, content) VALUES (55, 6, 41, 'Sometimes happy tend school film because.');
INSERT INTO reactions (user_id, post_id, comment_id, reaction_type) VALUES (25, NULL, 55, 'haha');
INSERT INTO reactions (user_id, post_id, comment_id, reaction_type) VALUES (35, NULL, 55, 'haha');
INSERT INTO reactions (user_id, post_id, comment_id, reaction_type) VALUES (46, NULL, 55, 'love');
INSERT INTO reactions (user_id, post_id, comment_id, reaction_type) VALUES (34, NULL, 55, 'like');
INSERT INTO reactions (user_id, post_id, comment_id, reaction_type) VALUES (16, NULL, 55, 'like');
INSERT INTO posts (id, user_id, content, media_url) VALUES (7, 34, 'Judge freezes firing of intel chief who''s investigating Netanyahu''s aides - Axios - No government in Israel''s history has ever fired the head of the Shin Bet domestic intelligence agency.', 'https://images.axios.com/xz7mZh7Su6zUEmAkq4P5vcV44Xs=/0x38:1620x949/1366x768/2025/03/20/1742514857783.jpg');
INSERT INTO reactions (user_id, post_id, comment_id, reaction_type) VALUES (11, 7, NULL, 'sad');
INSERT INTO reactions (user_id, post_id, comment_id, reaction_type) VALUES (9, 7, NULL, 'angry');
INSERT INTO reactions (user_id, post_id, comment_id, reaction_type) VALUES (26, 7, NULL, 'like');
INSERT INTO reactions (user_id, post_id, comment_id, reaction_type) VALUES (34, 7, NULL, 'sad');
INSERT INTO comments (id, post_id, user_id, content) VALUES (61, 7, 5, 'However people first wall allow.');
INSERT INTO reactions (user_id, post_id, comment_id, reaction_type) VALUES (16, NULL, 61, 'love');
INSERT INTO reactions (user_id, post_id, comment_id, reaction_type) VALUES (14, NULL, 61, 'love');
INSERT INTO comments (id, post_id, user_id, content) VALUES (62, 7, 19, 'Spring born east.');
INSERT INTO reactions (user_id, post_id, comment_id, reaction_type) VALUES (31, NULL, 62, 'haha');
INSERT INTO reactions (user_id, post_id, comment_id, reaction_type) VALUES (35, NULL, 62, 'sad');
INSERT INTO reactions (user_id, post_id, comment_id, reaction_type) VALUES (1, NULL, 62, 'sad');
INSERT INTO reactions (user_id, post_id, comment_id, reaction_type) VALUES (50, NULL, 62, 'sad');
INSERT INTO reactions (user_id, post_id, comment_id, reaction_type) VALUES (49, NULL, 62, 'love');
INSERT INTO comments (id, post_id, user_id, content) VALUES (63, 7, 26, 'But here tell sometimes group city.');
INSERT INTO reactions (user_id, post_id, comment_id, reaction_type) VALUES (30, NULL, 63, 'sad');
INSERT INTO comments (id, post_id, user_id, content) VALUES (64, 7, 43, 'Door really wall dream room form skin person.');
INSERT INTO reactions (user_id, post_id, comment_id, reaction_type) VALUES (19, NULL, 64, 'haha');
INSERT INTO reactions (user_id, post_id, comment_id, reaction_type) VALUES (11, NULL, 64, 'angry');
INSERT INTO reactions (user_id, post_id, comment_id, reaction_type) VALUES (13, NULL, 64, 'love');
INSERT INTO reactions (user_id, post_id, comment_id, reaction_type) VALUES (8, NULL, 64, 'sad');
INSERT INTO comments (id, post_id, user_id, content) VALUES (65, 7, 36, 'Place action church want carry before never.');
INSERT INTO posts (id, user_id, content, media_url) VALUES (8, 30, 'Israel defence minister threatens to ''seize additional territories'' in Gaza - BBC.com - The IDF will continue its ground operation in Gaza "with increasing intensity" until Hamas releases remaining hostages, Israel Katz says.', 'https://ichef.bbci.co.uk/news/1024/branded_news/d642/live/4181bae0-0640-11f0-9772-ff798c71c39e.jpg');
INSERT INTO reactions (user_id, post_id, comment_id, reaction_type) VALUES (43, 8, NULL, 'angry');
INSERT INTO reactions (user_id, post_id, comment_id, reaction_type) VALUES (6, 8, NULL, 'love');
INSERT INTO reactions (user_id, post_id, comment_id, reaction_type) VALUES (18, 8, NULL, 'like');
INSERT INTO reactions (user_id, post_id, comment_id, reaction_type) VALUES (11, 8, NULL, 'angry');
INSERT INTO comments (id, post_id, user_id, content) VALUES (71, 8, 16, 'Too which nor toward until.');
INSERT INTO reactions (user_id, post_id, comment_id, reaction_type) VALUES (6, NULL, 71, 'love');
INSERT INTO reactions (user_id, post_id, comment_id, reaction_type) VALUES (44, NULL, 71, 'sad');
INSERT INTO reactions (user_id, post_id, comment_id, reaction_type) VALUES (18, NULL, 71, 'angry');
INSERT INTO reactions (user_id, post_id, comment_id, reaction_type) VALUES (30, NULL, 71, 'love');
INSERT INTO reactions (user_id, post_id, comment_id, reaction_type) VALUES (48, NULL, 71, 'love');
INSERT INTO comments (id, post_id, user_id, content) VALUES (72, 8, 6, 'Grow recognize already fall thousand.');
INSERT INTO reactions (user_id, post_id, comment_id, reaction_type) VALUES (24, NULL, 72, 'love');
INSERT INTO reactions (user_id, post_id, comment_id, reaction_type) VALUES (32, NULL, 72, 'angry');
INSERT INTO reactions (user_id, post_id, comment_id, reaction_type) VALUES (27, NULL, 72, 'sad');
INSERT INTO reactions (user_id, post_id, comment_id, reaction_type) VALUES (26, NULL, 72, 'like');
INSERT INTO reactions (user_id, post_id, comment_id, reaction_type) VALUES (34, NULL, 72, 'like');
INSERT INTO comments (id, post_id, user_id, content) VALUES (73, 8, 18, 'Lot until somebody outside economy baby rock suddenly.');
INSERT INTO reactions (user_id, post_id, comment_id, reaction_type) VALUES (2, NULL, 73, 'like');
INSERT INTO comments (id, post_id, user_id, content) VALUES (74, 8, 49, 'Mr majority then subject public.');
INSERT INTO reactions (user_id, post_id, comment_id, reaction_type) VALUES (28, NULL, 74, 'sad');
INSERT INTO reactions (user_id, post_id, comment_id, reaction_type) VALUES (34, NULL, 74, 'angry');
INSERT INTO comments (id, post_id, user_id, content) VALUES (75, 8, 10, 'Should why value boy matter.');
INSERT INTO posts (id, user_id, content, media_url) VALUES (9, 16, 'Ukraine port city ‘on fire’ after ‘massive’ Russian attack as Trump projects optimism ahead of peace talks - CNN - The southern Ukrainian port city of Odesa was engulfed in flames late Thursday after being struck by a large-scale Russian drone attack, hours after US President Donald Trump expressed optimism about ending the war and as peace talks are set to resume on Mond…', 'https://media.cnn.com/api/v1/images/stellar/prod/2025-03-21t062446z-1168562631-rc2ihdagf7y1-rtrmadp-3-ukraine-crisis-attack-odesa.jpg?c=16x9&q=w_800,c_fill');
INSERT INTO reactions (user_id, post_id, comment_id, reaction_type) VALUES (11, 9, NULL, 'like');
INSERT INTO reactions (user_id, post_id, comment_id, reaction_type) VALUES (2, 9, NULL, 'sad');
INSERT INTO reactions (user_id, post_id, comment_id, reaction_type) VALUES (37, 9, NULL, 'like');
INSERT INTO comments (id, post_id, user_id, content) VALUES (81, 9, 21, 'Area if though resource again artist authority.');
INSERT INTO reactions (user_id, post_id, comment_id, reaction_type) VALUES (3, NULL, 81, 'angry');
INSERT INTO reactions (user_id, post_id, comment_id, reaction_type) VALUES (20, NULL, 81, 'angry');
INSERT INTO reactions (user_id, post_id, comment_id, reaction_type) VALUES (38, NULL, 81, 'love');
INSERT INTO reactions (user_id, post_id, comment_id, reaction_type) VALUES (12, NULL, 81, 'like');
INSERT INTO reactions (user_id, post_id, comment_id, reaction_type) VALUES (48, NULL, 81, 'sad');
INSERT INTO comments (id, post_id, user_id, content) VALUES (82, 9, 49, 'Heart operation seat enter.');
INSERT INTO reactions (user_id, post_id, comment_id, reaction_type) VALUES (47, NULL, 82, 'angry');
INSERT INTO reactions (user_id, post_id, comment_id, reaction_type) VALUES (42, NULL, 82, 'sad');
INSERT INTO reactions (user_id, post_id, comment_id, reaction_type) VALUES (49, NULL, 82, 'angry');
INSERT INTO reactions (user_id, post_id, comment_id, reaction_type) VALUES (1, NULL, 82, 'like');
INSERT INTO comments (id, post_id, user_id, content) VALUES (83, 9, 34, 'Measure spring school everyone begin option lot.');
INSERT INTO reactions (user_id, post_id, comment_id, reaction_type) VALUES (37, NULL, 83, 'like');
INSERT INTO reactions (user_id, post_id, comment_id, reaction_type) VALUES (17, NULL, 83, 'haha');
INSERT INTO reactions (user_id, post_id, comment_id, reaction_type) VALUES (3, NULL, 83, 'sad');
INSERT INTO comments (id, post_id, user_id, content) VALUES (84, 9, 47, 'Across trial medical inside argue deep.');
INSERT INTO comments (id, post_id, user_id, content) VALUES (85, 9, 4, 'Put strong sign their develop state.');
INSERT INTO reactions (user_id, post_id, comment_id, reaction_type) VALUES (35, NULL, 85, 'haha');
INSERT INTO posts (id, user_id, content, media_url) VALUES (10, 40, 'CoreWeave tests investor risk appetite with $7.5bn in looming debt repayments - Financial Times - Cloud computing group seeking $32bn IPO must convince backers it can grow fast to settle huge financial obligations', 'https://www.ft.com/__origami/service/image/v2/images/raw/https%3A%2F%2Fd1e00ek4ebabms.cloudfront.net%2Fproduction%2Fbf8d46be-86af-412f-a071-1aedff325c50.jpg?source=next-barrier-page');
INSERT INTO reactions (user_id, post_id, comment_id, reaction_type) VALUES (25, 10, NULL, 'love');
INSERT INTO reactions (user_id, post_id, comment_id, reaction_type) VALUES (35, 10, NULL, 'angry');
INSERT INTO reactions (user_id, post_id, comment_id, reaction_type) VALUES (24, 10, NULL, 'haha');
INSERT INTO comments (id, post_id, user_id, content) VALUES (91, 10, 37, 'On cultural seek he around public.');
INSERT INTO comments (id, post_id, user_id, content) VALUES (92, 10, 6, 'Floor once shoulder play week.');
INSERT INTO reactions (user_id, post_id, comment_id, reaction_type) VALUES (43, NULL, 92, 'haha');
INSERT INTO reactions (user_id, post_id, comment_id, reaction_type) VALUES (33, NULL, 92, 'haha');
INSERT INTO reactions (user_id, post_id, comment_id, reaction_type) VALUES (16, NULL, 92, 'haha');
INSERT INTO comments (id, post_id, user_id, content) VALUES (93, 10, 24, 'You practice reach population where it recent.');
INSERT INTO reactions (user_id, post_id, comment_id, reaction_type) VALUES (4, NULL, 93, 'sad');
INSERT INTO reactions (user_id, post_id, comment_id, reaction_type) VALUES (46, NULL, 93, 'angry');
INSERT INTO reactions (user_id, post_id, comment_id, reaction_type) VALUES (44, NULL, 93, 'angry');
INSERT INTO reactions (user_id, post_id, comment_id, reaction_type) VALUES (12, NULL, 93, 'like');
INSERT INTO reactions (user_id, post_id, comment_id, reaction_type) VALUES (7, NULL, 93, 'love');
INSERT INTO comments (id, post_id, user_id, content) VALUES (94, 10, 27, 'Parent impact small scientist save investment real.');
INSERT INTO reactions (user_id, post_id, comment_id, reaction_type) VALUES (49, NULL, 94, 'haha');
INSERT INTO reactions (user_id, post_id, comment_id, reaction_type) VALUES (28, NULL, 94, 'angry');
INSERT INTO reactions (user_id, post_id, comment_id, reaction_type) VALUES (37, NULL, 94, 'like');
INSERT INTO comments (id, post_id, user_id, content) VALUES (95, 10, 43, 'Personal fear where easy according truth.');
INSERT INTO reactions (user_id, post_id, comment_id, reaction_type) VALUES (46, NULL, 95, 'haha');
INSERT INTO posts (id, user_id, content, media_url) VALUES (11, 34, 'Inside Google’s Two-Year Frenzy to Catch Up With OpenAI - WIRED - The search giant should’ve been first to the chatbot revolution. It wasn’t. So it punched back with late nights, layoffs—and lowering some guardrails.', 'https://media.wired.com/photos/67d895527bba96e4143d9334/191:100/w_1280,c_limit/GoogleAI_Thumbnail_SH.jpg');
INSERT INTO reactions (user_id, post_id, comment_id, reaction_type) VALUES (28, 11, NULL, 'angry');
INSERT INTO reactions (user_id, post_id, comment_id, reaction_type) VALUES (34, 11, NULL, 'haha');
INSERT INTO reactions (user_id, post_id, comment_id, reaction_type) VALUES (48, 11, NULL, 'angry');
INSERT INTO reactions (user_id, post_id, comment_id, reaction_type) VALUES (24, 11, NULL, 'angry');
INSERT INTO comments (id, post_id, user_id, content) VALUES (101, 11, 43, 'Part company station response I discuss.');
INSERT INTO reactions (user_id, post_id, comment_id, reaction_type) VALUES (22, NULL, 101, 'sad');
INSERT INTO reactions (user_id, post_id, comment_id, reaction_type) VALUES (32, NULL, 101, 'like');
INSERT INTO reactions (user_id, post_id, comment_id, reaction_type) VALUES (41, NULL, 101, 'sad');
INSERT INTO reactions (user_id, post_id, comment_id, reaction_type) VALUES (1, NULL, 101, 'angry');
INSERT INTO comments (id, post_id, user_id, content) VALUES (102, 11, 43, 'Hope prepare source former represent major perform.');
INSERT INTO reactions (user_id, post_id, comment_id, reaction_type) VALUES (18, NULL, 102, 'haha');
INSERT INTO reactions (user_id, post_id, comment_id, reaction_type) VALUES (39, NULL, 102, 'like');
INSERT INTO reactions (user_id, post_id, comment_id, reaction_type) VALUES (41, NULL, 102, 'like');
INSERT INTO reactions (user_id, post_id, comment_id, reaction_type) VALUES (17, NULL, 102, 'haha');
INSERT INTO reactions (user_id, post_id, comment_id, reaction_type) VALUES (1, NULL, 102, 'sad');
INSERT INTO comments (id, post_id, user_id, content) VALUES (103, 11, 50, 'Light evening find threat see fear middle.');
INSERT INTO reactions (user_id, post_id, comment_id, reaction_type) VALUES (30, NULL, 103, 'haha');
INSERT INTO reactions (user_id, post_id, comment_id, reaction_type) VALUES (31, NULL, 103, 'like');
INSERT INTO reactions (user_id, post_id, comment_id, reaction_type) VALUES (19, NULL, 103, 'angry');
INSERT INTO reactions (user_id, post_id, comment_id, reaction_type) VALUES (15, NULL, 103, 'sad');
INSERT INTO comments (id, post_id, user_id, content) VALUES (104, 11, 4, 'Worry can music time experience.');
INSERT INTO reactions (user_id, post_id, comment_id, reaction_type) VALUES (31, NULL, 104, 'sad');
INSERT INTO reactions (user_id, post_id, comment_id, reaction_type) VALUES (47, NULL, 104, 'sad');
INSERT INTO reactions (user_id, post_id, comment_id, reaction_type) VALUES (40, NULL, 104, 'like');
INSERT INTO reactions (user_id, post_id, comment_id, reaction_type) VALUES (25, NULL, 104, 'haha');
INSERT INTO comments (id, post_id, user_id, content) VALUES (105, 11, 13, 'Bill across development measure actually chance.');
INSERT INTO posts (id, user_id, content, media_url) VALUES (12, 5, 'Texas is poised to make measles a nationwide epidemic, public health experts say - The Texas Tribune - Public health experts say Texas needs better messaging on vaccinations and quarantining and more people conducting contact tracing to contain the spread.', 'https://thumbnails.texastribune.org/cUyMnuCpq9rvOgieR3t2dNN0rlw=/1200x630/filters:quality(95):focal(0x0:2400x1600)/static.texastribune.org/media/files/6881e80e0240b9720daba45b9ff9e0fb/MEASLES%20AP%20JC%2056.jpg');
INSERT INTO reactions (user_id, post_id, comment_id, reaction_type) VALUES (15, 12, NULL, 'angry');
INSERT INTO reactions (user_id, post_id, comment_id, reaction_type) VALUES (17, 12, NULL, 'sad');
INSERT INTO reactions (user_id, post_id, comment_id, reaction_type) VALUES (44, 12, NULL, 'haha');
INSERT INTO comments (id, post_id, user_id, content) VALUES (111, 12, 9, 'Anything world take parent age authority.');
INSERT INTO reactions (user_id, post_id, comment_id, reaction_type) VALUES (34, NULL, 111, 'haha');
INSERT INTO reactions (user_id, post_id, comment_id, reaction_type) VALUES (3, NULL, 111, 'like');
INSERT INTO reactions (user_id, post_id, comment_id, reaction_type) VALUES (6, NULL, 111, 'sad');
INSERT INTO reactions (user_id, post_id, comment_id, reaction_type) VALUES (30, NULL, 111, 'love');
INSERT INTO reactions (user_id, post_id, comment_id, reaction_type) VALUES (18, NULL, 111, 'angry');
INSERT INTO comments (id, post_id, user_id, content) VALUES (112, 12, 4, 'Day program social teach positive environmental ahead.');
INSERT INTO reactions (user_id, post_id, comment_id, reaction_type) VALUES (20, NULL, 112, 'sad');
INSERT INTO reactions (user_id, post_id, comment_id, reaction_type) VALUES (26, NULL, 112, 'angry');
INSERT INTO reactions (user_id, post_id, comment_id, reaction_type) VALUES (22, NULL, 112, 'like');
INSERT INTO reactions (user_id, post_id, comment_id, reaction_type) VALUES (37, NULL, 112, 'angry');
INSERT INTO comments (id, post_id, user_id, content) VALUES (113, 12, 42, 'Nearly fight rule east capital general course.');
INSERT INTO reactions (user_id, post_id, comment_id, reaction_type) VALUES (8, NULL, 113, 'like');
INSERT INTO reactions (user_id, post_id, comment_id, reaction_type) VALUES (23, NULL, 113, 'like');
INSERT INTO reactions (user_id, post_id, comment_id, reaction_type) VALUES (7, NULL, 113, 'haha');
INSERT INTO comments (id, post_id, user_id, content) VALUES (114, 12, 16, 'Customer few they agree.');
INSERT INTO reactions (user_id, post_id, comment_id, reaction_type) VALUES (25, NULL, 114, 'love');
INSERT INTO reactions (user_id, post_id, comment_id, reaction_type) VALUES (23, NULL, 114, 'love');
INSERT INTO reactions (user_id, post_id, comment_id, reaction_type) VALUES (22, NULL, 114, 'like');
INSERT INTO comments (id, post_id, user_id, content) VALUES (115, 12, 49, 'Yourself charge health month behind billion ready.');
INSERT INTO reactions (user_id, post_id, comment_id, reaction_type) VALUES (36, NULL, 115, 'sad');
INSERT INTO posts (id, user_id, content, media_url) VALUES (13, 37, 'Stock futures slip as S&P 500 aims to snap four-week losing streak: Live updates - CNBC - The major averages ended Thursday on a sour note as an attempt to extend the Fed-fueled rally fell short.', 'https://image.cnbcfm.com/api/v1/image/108118503-1742409535852-gettyimages-2205294595-AFP_377H7W9.jpeg?v=1742409563&w=1920&h=1080');
INSERT INTO reactions (user_id, post_id, comment_id, reaction_type) VALUES (30, 13, NULL, 'haha');
INSERT INTO reactions (user_id, post_id, comment_id, reaction_type) VALUES (27, 13, NULL, 'love');
INSERT INTO reactions (user_id, post_id, comment_id, reaction_type) VALUES (5, 13, NULL, 'love');
INSERT INTO reactions (user_id, post_id, comment_id, reaction_type) VALUES (20, 13, NULL, 'sad');
INSERT INTO comments (id, post_id, user_id, content) VALUES (121, 13, 34, 'Present across quickly discussion fire.');
INSERT INTO reactions (user_id, post_id, comment_id, reaction_type) VALUES (24, NULL, 121, 'sad');
INSERT INTO reactions (user_id, post_id, comment_id, reaction_type) VALUES (38, NULL, 121, 'sad');
INSERT INTO reactions (user_id, post_id, comment_id, reaction_type) VALUES (50, NULL, 121, 'angry');
INSERT INTO comments (id, post_id, user_id, content) VALUES (122, 13, 32, 'Fact certain gas keep board.');
INSERT INTO reactions (user_id, post_id, comment_id, reaction_type) VALUES (8, NULL, 122, 'sad');
INSERT INTO reactions (user_id, post_id, comment_id, reaction_type) VALUES (43, NULL, 122, 'haha');
INSERT INTO reactions (user_id, post_id, comment_id, reaction_type) VALUES (13, NULL, 122, 'sad');
INSERT INTO comments (id, post_id, user_id, content) VALUES (123, 13, 47, 'Lot lead which nature dream consumer.');
INSERT INTO reactions (user_id, post_id, comment_id, reaction_type) VALUES (13, NULL, 123, 'love');
INSERT INTO reactions (user_id, post_id, comment_id, reaction_type) VALUES (29, NULL, 123, 'haha');
INSERT INTO reactions (user_id, post_id, comment_id, reaction_type) VALUES (38, NULL, 123, 'like');
INSERT INTO comments (id, post_id, user_id, content) VALUES (124, 13, 45, 'Pay might him girl soldier network.');
INSERT INTO reactions (user_id, post_id, comment_id, reaction_type) VALUES (49, NULL, 124, 'sad');
INSERT INTO reactions (user_id, post_id, comment_id, reaction_type) VALUES (37, NULL, 124, 'sad');
INSERT INTO comments (id, post_id, user_id, content) VALUES (125, 13, 48, 'Total hair at return establish.');
INSERT INTO reactions (user_id, post_id, comment_id, reaction_type) VALUES (50, NULL, 125, 'like');
INSERT INTO reactions (user_id, post_id, comment_id, reaction_type) VALUES (15, NULL, 125, 'angry');
INSERT INTO reactions (user_id, post_id, comment_id, reaction_type) VALUES (21, NULL, 125, 'sad');
INSERT INTO reactions (user_id, post_id, comment_id, reaction_type) VALUES (1, NULL, 125, 'angry');
INSERT INTO reactions (user_id, post_id, comment_id, reaction_type) VALUES (33, NULL, 125, 'love');
INSERT INTO posts (id, user_id, content, media_url) VALUES (14, 42, 'How Trump''s firings could upend a 90-year-old Supreme Court ruling limiting his power - NPR - Already, lower courts have found President Trump''s removal of Democratic members of independent agencies to be unlawful. The Trump administration has appealed.', 'https://npr.brightspotcdn.com/dims3/default/strip/false/crop/5000x2813+0+24/resize/1400/quality/100/format/jpeg/?url=http%3A%2F%2Fnpr-brightspot.s3.amazonaws.com%2Fb1%2Fdc%2Fd3ad96894b399dd1f528f0184e5f%2Fgettyimages-2205261293.jpg');
INSERT INTO reactions (user_id, post_id, comment_id, reaction_type) VALUES (26, 14, NULL, 'like');
INSERT INTO reactions (user_id, post_id, comment_id, reaction_type) VALUES (28, 14, NULL, 'sad');
INSERT INTO reactions (user_id, post_id, comment_id, reaction_type) VALUES (5, 14, NULL, 'angry');
INSERT INTO comments (id, post_id, user_id, content) VALUES (131, 14, 11, 'It range unit summer.');
INSERT INTO reactions (user_id, post_id, comment_id, reaction_type) VALUES (28, NULL, 131, 'angry');
INSERT INTO reactions (user_id, post_id, comment_id, reaction_type) VALUES (47, NULL, 131, 'love');
INSERT INTO reactions (user_id, post_id, comment_id, reaction_type) VALUES (7, NULL, 131, 'love');
INSERT INTO reactions (user_id, post_id, comment_id, reaction_type) VALUES (1, NULL, 131, 'like');
INSERT INTO comments (id, post_id, user_id, content) VALUES (132, 14, 8, 'Address east color claim follow their.');
INSERT INTO reactions (user_id, post_id, comment_id, reaction_type) VALUES (33, NULL, 132, 'angry');
INSERT INTO reactions (user_id, post_id, comment_id, reaction_type) VALUES (34, NULL, 132, 'love');
INSERT INTO comments (id, post_id, user_id, content) VALUES (133, 14, 25, 'Skill argue operation get.');
INSERT INTO reactions (user_id, post_id, comment_id, reaction_type) VALUES (43, NULL, 133, 'angry');
INSERT INTO reactions (user_id, post_id, comment_id, reaction_type) VALUES (11, NULL, 133, 'love');
INSERT INTO reactions (user_id, post_id, comment_id, reaction_type) VALUES (13, NULL, 133, 'angry');
INSERT INTO comments (id, post_id, user_id, content) VALUES (134, 14, 23, 'Generation trouble style behind effect.');
INSERT INTO reactions (user_id, post_id, comment_id, reaction_type) VALUES (20, NULL, 134, 'love');
INSERT INTO reactions (user_id, post_id, comment_id, reaction_type) VALUES (16, NULL, 134, 'like');
INSERT INTO reactions (user_id, post_id, comment_id, reaction_type) VALUES (41, NULL, 134, 'sad');
INSERT INTO comments (id, post_id, user_id, content) VALUES (135, 14, 5, 'Build myself they nearly short eat room.');
INSERT INTO reactions (user_id, post_id, comment_id, reaction_type) VALUES (11, NULL, 135, 'like');
INSERT INTO reactions (user_id, post_id, comment_id, reaction_type) VALUES (3, NULL, 135, 'love');
INSERT INTO posts (id, user_id, content, media_url) VALUES (15, 22, 'Survive and advance: First-day upsets set the table for March Madness - NPR - McNeese and Drake universities stun their heavily favored opponents as the NCAA men''s and women''s basketball tournaments roll into their first weekend of play.', 'https://npr.brightspotcdn.com/dims3/default/strip/false/crop/3000x1688+0+171/resize/1400/quality/100/format/jpeg/?url=http%3A%2F%2Fnpr-brightspot.s3.amazonaws.com%2F13%2Fd9%2Fbecd3f7c4a1c99f914d16cfcb934%2Fncaa-mcneese-getty.jpg');
INSERT INTO reactions (user_id, post_id, comment_id, reaction_type) VALUES (28, 15, NULL, 'haha');
INSERT INTO reactions (user_id, post_id, comment_id, reaction_type) VALUES (49, 15, NULL, 'haha');
INSERT INTO reactions (user_id, post_id, comment_id, reaction_type) VALUES (38, 15, NULL, 'love');
INSERT INTO comments (id, post_id, user_id, content) VALUES (141, 15, 30, 'Last throughout answer south history health night.');
INSERT INTO reactions (user_id, post_id, comment_id, reaction_type) VALUES (33, NULL, 141, 'haha');
INSERT INTO reactions (user_id, post_id, comment_id, reaction_type) VALUES (23, NULL, 141, 'love');
INSERT INTO reactions (user_id, post_id, comment_id, reaction_type) VALUES (22, NULL, 141, 'love');
INSERT INTO reactions (user_id, post_id, comment_id, reaction_type) VALUES (45, NULL, 141, 'love');
INSERT INTO reactions (user_id, post_id, comment_id, reaction_type) VALUES (27, NULL, 141, 'angry');
INSERT INTO comments (id, post_id, user_id, content) VALUES (142, 15, 4, 'Pass worker sense attorney.');
INSERT INTO comments (id, post_id, user_id, content) VALUES (143, 15, 24, 'Series so thousand single.');
INSERT INTO reactions (user_id, post_id, comment_id, reaction_type) VALUES (28, NULL, 143, 'angry');
INSERT INTO reactions (user_id, post_id, comment_id, reaction_type) VALUES (11, NULL, 143, 'haha');
INSERT INTO reactions (user_id, post_id, comment_id, reaction_type) VALUES (47, NULL, 143, 'angry');
INSERT INTO comments (id, post_id, user_id, content) VALUES (144, 15, 42, 'Establish per maybe authority.');
INSERT INTO reactions (user_id, post_id, comment_id, reaction_type) VALUES (31, NULL, 144, 'like');
INSERT INTO reactions (user_id, post_id, comment_id, reaction_type) VALUES (30, NULL, 144, 'like');
INSERT INTO reactions (user_id, post_id, comment_id, reaction_type) VALUES (46, NULL, 144, 'love');
INSERT INTO reactions (user_id, post_id, comment_id, reaction_type) VALUES (6, NULL, 144, 'haha');
INSERT INTO reactions (user_id, post_id, comment_id, reaction_type) VALUES (9, NULL, 144, 'angry');
INSERT INTO comments (id, post_id, user_id, content) VALUES (145, 15, 49, 'Common mind treatment could able.');
INSERT INTO reactions (user_id, post_id, comment_id, reaction_type) VALUES (5, NULL, 145, 'sad');
INSERT INTO reactions (user_id, post_id, comment_id, reaction_type) VALUES (32, NULL, 145, 'angry');
INSERT INTO posts (id, user_id, content, media_url) VALUES (16, 24, 'Musk looms large in this Wisconsin judicial race - POLITICO - Democrats are spending heavily linking conservatives to Elon Musk in Wisconsin.', 'https://static.politico.com/a4/db/bc8ab5034b84bce2395f301cb44e/us-delaware-incorporation-capital-explainer-75040.jpg');
INSERT INTO reactions (user_id, post_id, comment_id, reaction_type) VALUES (28, 16, NULL, 'like');
INSERT INTO reactions (user_id, post_id, comment_id, reaction_type) VALUES (35, 16, NULL, 'haha');
INSERT INTO reactions (user_id, post_id, comment_id, reaction_type) VALUES (16, 16, NULL, 'like');
INSERT INTO reactions (user_id, post_id, comment_id, reaction_type) VALUES (48, 16, NULL, 'sad');
INSERT INTO reactions (user_id, post_id, comment_id, reaction_type) VALUES (22, 16, NULL, 'angry');
INSERT INTO comments (id, post_id, user_id, content) VALUES (151, 16, 18, 'Account character everything perhaps threat different common.');
INSERT INTO reactions (user_id, post_id, comment_id, reaction_type) VALUES (40, NULL, 151, 'sad');
INSERT INTO reactions (user_id, post_id, comment_id, reaction_type) VALUES (47, NULL, 151, 'like');
INSERT INTO reactions (user_id, post_id, comment_id, reaction_type) VALUES (27, NULL, 151, 'like');
INSERT INTO comments (id, post_id, user_id, content) VALUES (152, 16, 34, 'World help group above car present generation billion.');
INSERT INTO reactions (user_id, post_id, comment_id, reaction_type) VALUES (20, NULL, 152, 'angry');
INSERT INTO comments (id, post_id, user_id, content) VALUES (153, 16, 15, 'Listen little Republican hundred.');
INSERT INTO reactions (user_id, post_id, comment_id, reaction_type) VALUES (29, NULL, 153, 'sad');
INSERT INTO reactions (user_id, post_id, comment_id, reaction_type) VALUES (31, NULL, 153, 'sad');
INSERT INTO comments (id, post_id, user_id, content) VALUES (154, 16, 46, 'Four might ability international make.');
INSERT INTO reactions (user_id, post_id, comment_id, reaction_type) VALUES (40, NULL, 154, 'like');
INSERT INTO reactions (user_id, post_id, comment_id, reaction_type) VALUES (44, NULL, 154, 'angry');
INSERT INTO reactions (user_id, post_id, comment_id, reaction_type) VALUES (50, NULL, 154, 'like');
INSERT INTO reactions (user_id, post_id, comment_id, reaction_type) VALUES (47, NULL, 154, 'haha');
INSERT INTO reactions (user_id, post_id, comment_id, reaction_type) VALUES (47, NULL, 154, 'love');
INSERT INTO comments (id, post_id, user_id, content) VALUES (155, 16, 47, 'Win off somebody campaign offer.');
INSERT INTO posts (id, user_id, content, media_url) VALUES (17, 18, 'Musk to visit Pentagon Friday, but Trump calls secret U.S.-China war plan report "Fake News" - Axios - Defense Secretary Pete Hegseth said it''ll be "an informal meeting about innovation, efficiencies & smarter production."', 'https://images.axios.com/LBF6MSzA3q2eXXnmBUXMeMTh71A=/1129x67:6656x3176/1366x768/2025/03/21/1742531949949.jpg');
INSERT INTO reactions (user_id, post_id, comment_id, reaction_type) VALUES (31, 17, NULL, 'sad');
INSERT INTO reactions (user_id, post_id, comment_id, reaction_type) VALUES (12, 17, NULL, 'love');
INSERT INTO reactions (user_id, post_id, comment_id, reaction_type) VALUES (10, 17, NULL, 'haha');
INSERT INTO reactions (user_id, post_id, comment_id, reaction_type) VALUES (49, 17, NULL, 'like');
INSERT INTO comments (id, post_id, user_id, content) VALUES (161, 17, 43, 'Religious meet sea society total.');
INSERT INTO reactions (user_id, post_id, comment_id, reaction_type) VALUES (40, NULL, 161, 'love');
INSERT INTO reactions (user_id, post_id, comment_id, reaction_type) VALUES (28, NULL, 161, 'sad');
INSERT INTO reactions (user_id, post_id, comment_id, reaction_type) VALUES (31, NULL, 161, 'haha');
INSERT INTO comments (id, post_id, user_id, content) VALUES (162, 17, 15, 'Measure hand author worry.');
INSERT INTO reactions (user_id, post_id, comment_id, reaction_type) VALUES (11, NULL, 162, 'angry');
INSERT INTO reactions (user_id, post_id, comment_id, reaction_type) VALUES (30, NULL, 162, 'sad');
INSERT INTO reactions (user_id, post_id, comment_id, reaction_type) VALUES (20, NULL, 162, 'like');
INSERT INTO comments (id, post_id, user_id, content) VALUES (163, 17, 42, 'Standard front option.');
INSERT INTO reactions (user_id, post_id, comment_id, reaction_type) VALUES (6, NULL, 163, 'love');
INSERT INTO reactions (user_id, post_id, comment_id, reaction_type) VALUES (5, NULL, 163, 'sad');
INSERT INTO reactions (user_id, post_id, comment_id, reaction_type) VALUES (48, NULL, 163, 'angry');
INSERT INTO reactions (user_id, post_id, comment_id, reaction_type) VALUES (19, NULL, 163, 'angry');
INSERT INTO reactions (user_id, post_id, comment_id, reaction_type) VALUES (13, NULL, 163, 'haha');
INSERT INTO comments (id, post_id, user_id, content) VALUES (164, 17, 29, 'Song effect admit figure environment then say hit.');
INSERT INTO reactions (user_id, post_id, comment_id, reaction_type) VALUES (8, NULL, 164, 'sad');
INSERT INTO reactions (user_id, post_id, comment_id, reaction_type) VALUES (34, NULL, 164, 'like');
INSERT INTO comments (id, post_id, user_id, content) VALUES (165, 17, 17, 'Expect past draw.');
INSERT INTO reactions (user_id, post_id, comment_id, reaction_type) VALUES (32, NULL, 165, 'like');
INSERT INTO reactions (user_id, post_id, comment_id, reaction_type) VALUES (30, NULL, 165, 'like');
INSERT INTO posts (id, user_id, content, media_url) VALUES (18, 48, '‘Snow White’ Begins With $3.5M Previews: Higher Than ‘Dumbo’ & Not Far From ‘Kung Fu Panda 4’ – Box Office - Deadline - Disney''s controversial ''Snow White'' begins with $3.5M in previews.', 'https://deadline.com/wp-content/uploads/2025/03/MCDSNWH_WD027.jpg?w=1024');
INSERT INTO comments (id, post_id, user_id, content) VALUES (171, 18, 13, 'Force drive sit city gun recent.');
INSERT INTO reactions (user_id, post_id, comment_id, reaction_type) VALUES (11, NULL, 171, 'like');
INSERT INTO reactions (user_id, post_id, comment_id, reaction_type) VALUES (46, NULL, 171, 'like');
INSERT INTO reactions (user_id, post_id, comment_id, reaction_type) VALUES (15, NULL, 171, 'haha');
INSERT INTO comments (id, post_id, user_id, content) VALUES (172, 18, 28, 'Positive second everyone.');
INSERT INTO comments (id, post_id, user_id, content) VALUES (173, 18, 15, 'Kitchen listen third expect.');
INSERT INTO reactions (user_id, post_id, comment_id, reaction_type) VALUES (37, NULL, 173, 'like');
INSERT INTO reactions (user_id, post_id, comment_id, reaction_type) VALUES (23, NULL, 173, 'haha');
INSERT INTO reactions (user_id, post_id, comment_id, reaction_type) VALUES (42, NULL, 173, 'angry');
INSERT INTO comments (id, post_id, user_id, content) VALUES (174, 18, 6, 'Ground your class special outside scientist.');
INSERT INTO comments (id, post_id, user_id, content) VALUES (175, 18, 23, 'Get fire sport reason represent yeah nor put.');
INSERT INTO reactions (user_id, post_id, comment_id, reaction_type) VALUES (36, NULL, 175, 'haha');
INSERT INTO reactions (user_id, post_id, comment_id, reaction_type) VALUES (49, NULL, 175, 'like');
INSERT INTO reactions (user_id, post_id, comment_id, reaction_type) VALUES (36, NULL, 175, 'love');
INSERT INTO posts (id, user_id, content, media_url) VALUES (19, 8, 'Bronny James'' Move On Giannis Antetokounmpo Goes Viral In Bucks-Lakers Game - Sports Illustrated - Bronny James pulled off a move on Giannis Antetokounmpo.', 'https://images2.minutemediacdn.com/image/upload/c_crop,w_2303,h_1295,x_0,y_371/c_fill,w_1440,ar_16:9,f_auto,q_auto,g_auto/images/ImagnImages/mmsport/fastbreak/01jpve1hgjz55m5kp6j0.jpg');
INSERT INTO reactions (user_id, post_id, comment_id, reaction_type) VALUES (22, 19, NULL, 'love');
INSERT INTO reactions (user_id, post_id, comment_id, reaction_type) VALUES (2, 19, NULL, 'angry');
INSERT INTO comments (id, post_id, user_id, content) VALUES (181, 19, 8, 'National break away natural reason your.');
INSERT INTO reactions (user_id, post_id, comment_id, reaction_type) VALUES (43, NULL, 181, 'like');
INSERT INTO reactions (user_id, post_id, comment_id, reaction_type) VALUES (19, NULL, 181, 'like');
INSERT INTO reactions (user_id, post_id, comment_id, reaction_type) VALUES (33, NULL, 181, 'haha');
INSERT INTO comments (id, post_id, user_id, content) VALUES (182, 19, 18, 'Its education trial nearly along individual.');
INSERT INTO reactions (user_id, post_id, comment_id, reaction_type) VALUES (47, NULL, 182, 'love');
INSERT INTO comments (id, post_id, user_id, content) VALUES (183, 19, 7, 'Soon any way idea.');
INSERT INTO reactions (user_id, post_id, comment_id, reaction_type) VALUES (38, NULL, 183, 'haha');
INSERT INTO reactions (user_id, post_id, comment_id, reaction_type) VALUES (35, NULL, 183, 'like');
INSERT INTO reactions (user_id, post_id, comment_id, reaction_type) VALUES (42, NULL, 183, 'love');
INSERT INTO comments (id, post_id, user_id, content) VALUES (184, 19, 31, 'Fish view dark go art for girl.');
INSERT INTO reactions (user_id, post_id, comment_id, reaction_type) VALUES (46, NULL, 184, 'love');
INSERT INTO reactions (user_id, post_id, comment_id, reaction_type) VALUES (41, NULL, 184, 'like');
INSERT INTO comments (id, post_id, user_id, content) VALUES (185, 19, 32, 'Seem end nearly.');
INSERT INTO reactions (user_id, post_id, comment_id, reaction_type) VALUES (18, NULL, 185, 'love');
INSERT INTO reactions (user_id, post_id, comment_id, reaction_type) VALUES (19, NULL, 185, 'sad');
INSERT INTO reactions (user_id, post_id, comment_id, reaction_type) VALUES (46, NULL, 185, 'angry');
INSERT INTO reactions (user_id, post_id, comment_id, reaction_type) VALUES (8, NULL, 185, 'love');
INSERT INTO reactions (user_id, post_id, comment_id, reaction_type) VALUES (9, NULL, 185, 'love');
INSERT INTO posts (id, user_id, content, media_url) VALUES (20, 38, 'NASA confirms astronauts stranded for 9 months won''t receive any overtime pay - TweakTown - No Content', 'None');
INSERT INTO reactions (user_id, post_id, comment_id, reaction_type) VALUES (27, 20, NULL, 'love');
INSERT INTO reactions (user_id, post_id, comment_id, reaction_type) VALUES (34, 20, NULL, 'love');
INSERT INTO reactions (user_id, post_id, comment_id, reaction_type) VALUES (41, 20, NULL, 'angry');
INSERT INTO reactions (user_id, post_id, comment_id, reaction_type) VALUES (28, 20, NULL, 'angry');
INSERT INTO reactions (user_id, post_id, comment_id, reaction_type) VALUES (47, 20, NULL, 'like');
INSERT INTO comments (id, post_id, user_id, content) VALUES (191, 20, 3, 'Ready action reach.');
INSERT INTO reactions (user_id, post_id, comment_id, reaction_type) VALUES (1, NULL, 191, 'sad');
INSERT INTO reactions (user_id, post_id, comment_id, reaction_type) VALUES (18, NULL, 191, 'haha');
INSERT INTO comments (id, post_id, user_id, content) VALUES (192, 20, 40, 'Necessary not hair policy assume.');
INSERT INTO reactions (user_id, post_id, comment_id, reaction_type) VALUES (27, NULL, 192, 'sad');
INSERT INTO reactions (user_id, post_id, comment_id, reaction_type) VALUES (8, NULL, 192, 'haha');
INSERT INTO comments (id, post_id, user_id, content) VALUES (193, 20, 12, 'Happy structure grow its meeting memory customer world.');
INSERT INTO reactions (user_id, post_id, comment_id, reaction_type) VALUES (23, NULL, 193, 'like');
INSERT INTO comments (id, post_id, user_id, content) VALUES (194, 20, 19, 'So account grow out approach.');
INSERT INTO reactions (user_id, post_id, comment_id, reaction_type) VALUES (23, NULL, 194, 'like');
INSERT INTO reactions (user_id, post_id, comment_id, reaction_type) VALUES (45, NULL, 194, 'haha');
INSERT INTO reactions (user_id, post_id, comment_id, reaction_type) VALUES (10, NULL, 194, 'love');
INSERT INTO reactions (user_id, post_id, comment_id, reaction_type) VALUES (20, NULL, 194, 'sad');
INSERT INTO comments (id, post_id, user_id, content) VALUES (195, 20, 24, 'Statement research morning father girl feel analysis.');
INSERT INTO reactions (user_id, post_id, comment_id, reaction_type) VALUES (37, NULL, 195, 'sad');
INSERT INTO reactions (user_id, post_id, comment_id, reaction_type) VALUES (26, NULL, 195, 'love');
INSERT INTO reactions (user_id, post_id, comment_id, reaction_type) VALUES (26, NULL, 195, 'haha');
INSERT INTO posts (id, user_id, content, media_url) VALUES (22, 1, 'Top House Democrats urge McMahon, Trump administration to reverse decision on Department of Education - The Hill - Top House Democrats urged Education Secretary Linda McMahon and the Trump administration to reverse a Thursday move to begin dismantling the Department of Education. “Students, teachers, and schools across the country rely on the Department’s important work t…', 'https://thehill.com/wp-content/uploads/sites/2/2025/02/AP24204590642007-e1739568475810.jpg?w=1280');
INSERT INTO reactions (user_id, post_id, comment_id, reaction_type) VALUES (2, 22, NULL, 'love');
INSERT INTO reactions (user_id, post_id, comment_id, reaction_type) VALUES (26, 22, NULL, 'love');
INSERT INTO reactions (user_id, post_id, comment_id, reaction_type) VALUES (37, 22, NULL, 'like');
INSERT INTO comments (id, post_id, user_id, content) VALUES (211, 22, 46, 'Career create operation message new education race.');
INSERT INTO reactions (user_id, post_id, comment_id, reaction_type) VALUES (42, NULL, 211, 'angry');
INSERT INTO reactions (user_id, post_id, comment_id, reaction_type) VALUES (22, NULL, 211, 'angry');
INSERT INTO reactions (user_id, post_id, comment_id, reaction_type) VALUES (40, NULL, 211, 'sad');
INSERT INTO reactions (user_id, post_id, comment_id, reaction_type) VALUES (10, NULL, 211, 'love');
INSERT INTO comments (id, post_id, user_id, content) VALUES (212, 22, 41, 'Their watch purpose in use.');
INSERT INTO reactions (user_id, post_id, comment_id, reaction_type) VALUES (10, NULL, 212, 'like');
INSERT INTO reactions (user_id, post_id, comment_id, reaction_type) VALUES (26, NULL, 212, 'love');
INSERT INTO comments (id, post_id, user_id, content) VALUES (213, 22, 41, 'Probably white foreign.');
INSERT INTO reactions (user_id, post_id, comment_id, reaction_type) VALUES (49, NULL, 213, 'angry');
INSERT INTO comments (id, post_id, user_id, content) VALUES (214, 22, 30, 'Rock night myself difficult.');
INSERT INTO reactions (user_id, post_id, comment_id, reaction_type) VALUES (22, NULL, 214, 'haha');
INSERT INTO reactions (user_id, post_id, comment_id, reaction_type) VALUES (42, NULL, 214, 'angry');
INSERT INTO comments (id, post_id, user_id, content) VALUES (215, 22, 14, 'Month think door prove science.');
INSERT INTO reactions (user_id, post_id, comment_id, reaction_type) VALUES (8, NULL, 215, 'like');
INSERT INTO reactions (user_id, post_id, comment_id, reaction_type) VALUES (47, NULL, 215, 'haha');
INSERT INTO reactions (user_id, post_id, comment_id, reaction_type) VALUES (45, NULL, 215, 'sad');
INSERT INTO posts (id, user_id, content, media_url) VALUES (23, 14, 'Texas parents of child who died of measles urge others not to vaccinate - KSAT San Antonio - The measles vaccine has been proven to be safe and effective against the disease, which is highly contagious and can be life threatening.', 'https://res.cloudinary.com/graham-media-group/image/upload/f_auto/q_auto/c_thumb,w_700/v1/media/gmg/XW6TKYQAY5A6PIFUKJZQNZZMRI.jpg?_a=DATAdtfiZAA0');
INSERT INTO reactions (user_id, post_id, comment_id, reaction_type) VALUES (42, 23, NULL, 'sad');
INSERT INTO reactions (user_id, post_id, comment_id, reaction_type) VALUES (10, 23, NULL, 'love');
INSERT INTO reactions (user_id, post_id, comment_id, reaction_type) VALUES (7, 23, NULL, 'haha');
INSERT INTO reactions (user_id, post_id, comment_id, reaction_type) VALUES (31, 23, NULL, 'haha');
INSERT INTO reactions (user_id, post_id, comment_id, reaction_type) VALUES (22, 23, NULL, 'angry');
INSERT INTO comments (id, post_id, user_id, content) VALUES (221, 23, 39, 'Tree less professor stay his.');
INSERT INTO reactions (user_id, post_id, comment_id, reaction_type) VALUES (22, NULL, 221, 'haha');
INSERT INTO reactions (user_id, post_id, comment_id, reaction_type) VALUES (34, NULL, 221, 'like');
INSERT INTO reactions (user_id, post_id, comment_id, reaction_type) VALUES (25, NULL, 221, 'haha');
INSERT INTO reactions (user_id, post_id, comment_id, reaction_type) VALUES (23, NULL, 221, 'angry');
INSERT INTO comments (id, post_id, user_id, content) VALUES (222, 23, 21, 'Community within budget.');
INSERT INTO reactions (user_id, post_id, comment_id, reaction_type) VALUES (23, NULL, 222, 'angry');
INSERT INTO reactions (user_id, post_id, comment_id, reaction_type) VALUES (35, NULL, 222, 'sad');
INSERT INTO comments (id, post_id, user_id, content) VALUES (223, 23, 7, 'Appear possible arm.');
INSERT INTO reactions (user_id, post_id, comment_id, reaction_type) VALUES (13, NULL, 223, 'like');
INSERT INTO reactions (user_id, post_id, comment_id, reaction_type) VALUES (18, NULL, 223, 'love');
INSERT INTO comments (id, post_id, user_id, content) VALUES (224, 23, 42, 'Discover trouble require left at court.');
INSERT INTO reactions (user_id, post_id, comment_id, reaction_type) VALUES (33, NULL, 224, 'sad');
INSERT INTO reactions (user_id, post_id, comment_id, reaction_type) VALUES (41, NULL, 224, 'love');
INSERT INTO reactions (user_id, post_id, comment_id, reaction_type) VALUES (19, NULL, 224, 'like');
INSERT INTO reactions (user_id, post_id, comment_id, reaction_type) VALUES (20, NULL, 224, 'haha');
INSERT INTO comments (id, post_id, user_id, content) VALUES (225, 23, 44, 'Daughter cup decade fill discover general rise.');
INSERT INTO reactions (user_id, post_id, comment_id, reaction_type) VALUES (48, NULL, 225, 'haha');
INSERT INTO reactions (user_id, post_id, comment_id, reaction_type) VALUES (11, NULL, 225, 'sad');
INSERT INTO reactions (user_id, post_id, comment_id, reaction_type) VALUES (25, NULL, 225, 'angry');
INSERT INTO posts (id, user_id, content, media_url) VALUES (24, 11, 'Golden Gate Bridge faces ‘unknown’ risk of collapse from vessel strike, according to NTSB report - KRON4 - SAN FRANCISCO (KRON) — The Golden Gate Bridge is one of several Bay Area spans that face “unknown levels of risk of collapse,” according to a new report from the National Transportation and Safety Board. The report was produced by the NTSB as part of its ongo…', 'https://www.kron4.com/wp-content/uploads/sites/11/2024/12/GettyImages-72899004-1.jpg?w=1280');
INSERT INTO reactions (user_id, post_id, comment_id, reaction_type) VALUES (1, 24, NULL, 'like');
INSERT INTO reactions (user_id, post_id, comment_id, reaction_type) VALUES (13, 24, NULL, 'angry');
INSERT INTO reactions (user_id, post_id, comment_id, reaction_type) VALUES (36, 24, NULL, 'love');
INSERT INTO reactions (user_id, post_id, comment_id, reaction_type) VALUES (39, 24, NULL, 'like');
INSERT INTO reactions (user_id, post_id, comment_id, reaction_type) VALUES (44, 24, NULL, 'haha');
INSERT INTO comments (id, post_id, user_id, content) VALUES (231, 24, 46, 'Fall safe project tonight role teach very.');
INSERT INTO reactions (user_id, post_id, comment_id, reaction_type) VALUES (28, NULL, 231, 'love');
INSERT INTO comments (id, post_id, user_id, content) VALUES (232, 24, 25, 'To laugh early to truth gun cover condition.');
INSERT INTO comments (id, post_id, user_id, content) VALUES (233, 24, 20, 'Poor require finally pattern no less meeting.');
INSERT INTO reactions (user_id, post_id, comment_id, reaction_type) VALUES (29, NULL, 233, 'like');
INSERT INTO comments (id, post_id, user_id, content) VALUES (234, 24, 26, 'Open offer heart.');
INSERT INTO reactions (user_id, post_id, comment_id, reaction_type) VALUES (49, NULL, 234, 'love');
INSERT INTO reactions (user_id, post_id, comment_id, reaction_type) VALUES (10, NULL, 234, 'angry');
INSERT INTO reactions (user_id, post_id, comment_id, reaction_type) VALUES (50, NULL, 234, 'angry');
INSERT INTO reactions (user_id, post_id, comment_id, reaction_type) VALUES (13, NULL, 234, 'haha');
INSERT INTO reactions (user_id, post_id, comment_id, reaction_type) VALUES (32, NULL, 234, 'angry');
INSERT INTO comments (id, post_id, user_id, content) VALUES (235, 24, 48, 'Nearly put near maintain.');
INSERT INTO reactions (user_id, post_id, comment_id, reaction_type) VALUES (1, NULL, 235, 'haha');
INSERT INTO posts (id, user_id, content, media_url) VALUES (25, 45, 'The first extended look at Remedy’s co-op shooter FBC: Firebreak is completely bonkers - Polygon - Remedy Entertainment unveiled a new trailer for FBC: Firebreak, its upcoming co-op first-person shooter, on Thursday.', 'https://platform.polygon.com/wp-content/uploads/sites/2/2025/03/FBC_Firebreak_Key_Art_Green_4K.png?quality=90&strip=all&crop=0%2C3.4613147178592%2C100%2C93.077370564282&w=1200');
INSERT INTO reactions (user_id, post_id, comment_id, reaction_type) VALUES (7, 25, NULL, 'angry');
INSERT INTO reactions (user_id, post_id, comment_id, reaction_type) VALUES (25, 25, NULL, 'love');
INSERT INTO reactions (user_id, post_id, comment_id, reaction_type) VALUES (10, 25, NULL, 'sad');
INSERT INTO reactions (user_id, post_id, comment_id, reaction_type) VALUES (4, 25, NULL, 'sad');
INSERT INTO comments (id, post_id, user_id, content) VALUES (241, 25, 13, 'Night democratic total recently choose people share.');
INSERT INTO comments (id, post_id, user_id, content) VALUES (242, 25, 3, 'Ground line travel lay within some.');
INSERT INTO reactions (user_id, post_id, comment_id, reaction_type) VALUES (26, NULL, 242, 'love');
INSERT INTO comments (id, post_id, user_id, content) VALUES (243, 25, 22, 'Major wife front.');
INSERT INTO reactions (user_id, post_id, comment_id, reaction_type) VALUES (48, NULL, 243, 'sad');
INSERT INTO reactions (user_id, post_id, comment_id, reaction_type) VALUES (19, NULL, 243, 'like');
INSERT INTO reactions (user_id, post_id, comment_id, reaction_type) VALUES (25, NULL, 243, 'angry');
INSERT INTO reactions (user_id, post_id, comment_id, reaction_type) VALUES (23, NULL, 243, 'angry');
INSERT INTO comments (id, post_id, user_id, content) VALUES (244, 25, 32, 'Couple able purpose.');
INSERT INTO reactions (user_id, post_id, comment_id, reaction_type) VALUES (8, NULL, 244, 'like');
INSERT INTO comments (id, post_id, user_id, content) VALUES (245, 25, 2, 'Speech article serve most middle use specific sure.');
INSERT INTO reactions (user_id, post_id, comment_id, reaction_type) VALUES (12, NULL, 245, 'sad');
INSERT INTO posts (id, user_id, content, media_url) VALUES (26, 34, 'Astronomers discover 2,674 dwarf galaxies using Euclid telescope - Phys.org - No Content', 'None');
INSERT INTO reactions (user_id, post_id, comment_id, reaction_type) VALUES (31, 26, NULL, 'angry');
INSERT INTO reactions (user_id, post_id, comment_id, reaction_type) VALUES (10, 26, NULL, 'sad');
INSERT INTO reactions (user_id, post_id, comment_id, reaction_type) VALUES (34, 26, NULL, 'love');
INSERT INTO comments (id, post_id, user_id, content) VALUES (251, 26, 35, 'Still project simple which produce actually.');
INSERT INTO reactions (user_id, post_id, comment_id, reaction_type) VALUES (12, NULL, 251, 'love');
INSERT INTO reactions (user_id, post_id, comment_id, reaction_type) VALUES (44, NULL, 251, 'angry');
INSERT INTO reactions (user_id, post_id, comment_id, reaction_type) VALUES (25, NULL, 251, 'love');
INSERT INTO reactions (user_id, post_id, comment_id, reaction_type) VALUES (40, NULL, 251, 'sad');
INSERT INTO reactions (user_id, post_id, comment_id, reaction_type) VALUES (4, NULL, 251, 'haha');
INSERT INTO comments (id, post_id, user_id, content) VALUES (252, 26, 12, 'Occur pattern difficult section see.');
INSERT INTO reactions (user_id, post_id, comment_id, reaction_type) VALUES (24, NULL, 252, 'haha');
INSERT INTO reactions (user_id, post_id, comment_id, reaction_type) VALUES (3, NULL, 252, 'sad');
INSERT INTO reactions (user_id, post_id, comment_id, reaction_type) VALUES (36, NULL, 252, 'love');
INSERT INTO reactions (user_id, post_id, comment_id, reaction_type) VALUES (34, NULL, 252, 'love');
INSERT INTO comments (id, post_id, user_id, content) VALUES (253, 26, 24, 'American ball either.');
INSERT INTO reactions (user_id, post_id, comment_id, reaction_type) VALUES (46, NULL, 253, 'like');
INSERT INTO reactions (user_id, post_id, comment_id, reaction_type) VALUES (39, NULL, 253, 'sad');
INSERT INTO reactions (user_id, post_id, comment_id, reaction_type) VALUES (4, NULL, 253, 'like');
INSERT INTO reactions (user_id, post_id, comment_id, reaction_type) VALUES (37, NULL, 253, 'like');
INSERT INTO reactions (user_id, post_id, comment_id, reaction_type) VALUES (47, NULL, 253, 'sad');
INSERT INTO comments (id, post_id, user_id, content) VALUES (254, 26, 2, 'Woman party under half final.');
INSERT INTO reactions (user_id, post_id, comment_id, reaction_type) VALUES (12, NULL, 254, 'haha');
INSERT INTO reactions (user_id, post_id, comment_id, reaction_type) VALUES (23, NULL, 254, 'like');
INSERT INTO reactions (user_id, post_id, comment_id, reaction_type) VALUES (43, NULL, 254, 'love');
INSERT INTO comments (id, post_id, user_id, content) VALUES (255, 26, 44, 'Some house information.');
INSERT INTO reactions (user_id, post_id, comment_id, reaction_type) VALUES (31, NULL, 255, 'sad');
INSERT INTO reactions (user_id, post_id, comment_id, reaction_type) VALUES (8, NULL, 255, 'haha');
INSERT INTO reactions (user_id, post_id, comment_id, reaction_type) VALUES (24, NULL, 255, 'like');
INSERT INTO reactions (user_id, post_id, comment_id, reaction_type) VALUES (9, NULL, 255, 'like');
INSERT INTO posts (id, user_id, content, media_url) VALUES (27, 33, 'Mike Band 2025 NFL mock draft 1.0: Jets trade up for Travis Hunter; Seahawks land Tetairoa McMillan - NFL.com - In his first mock of the 2025 NFL Draft, Mike Band projects a team will trade up for two-way star Travis Hunter. Plus, the Seahawks continue to remake their receiving corps, while the Chiefs aggressively land an offensive tackle.', 'https://static.www.nfl.com/image/upload/t_editorial_landscape_12_desktop/league/dmnry3xupbt4jogyo4fq');
INSERT INTO reactions (user_id, post_id, comment_id, reaction_type) VALUES (46, 27, NULL, 'love');
INSERT INTO reactions (user_id, post_id, comment_id, reaction_type) VALUES (23, 27, NULL, 'like');
INSERT INTO reactions (user_id, post_id, comment_id, reaction_type) VALUES (4, 27, NULL, 'angry');
INSERT INTO comments (id, post_id, user_id, content) VALUES (261, 27, 20, 'Though heart he answer.');
INSERT INTO reactions (user_id, post_id, comment_id, reaction_type) VALUES (37, NULL, 261, 'like');
INSERT INTO reactions (user_id, post_id, comment_id, reaction_type) VALUES (26, NULL, 261, 'angry');
INSERT INTO reactions (user_id, post_id, comment_id, reaction_type) VALUES (28, NULL, 261, 'like');
INSERT INTO reactions (user_id, post_id, comment_id, reaction_type) VALUES (24, NULL, 261, 'angry');
INSERT INTO reactions (user_id, post_id, comment_id, reaction_type) VALUES (19, NULL, 261, 'angry');
INSERT INTO comments (id, post_id, user_id, content) VALUES (262, 27, 27, 'Woman open rule may she.');
INSERT INTO comments (id, post_id, user_id, content) VALUES (263, 27, 6, 'Service interview mother put it law go score.');
INSERT INTO reactions (user_id, post_id, comment_id, reaction_type) VALUES (19, NULL, 263, 'sad');
INSERT INTO reactions (user_id, post_id, comment_id, reaction_type) VALUES (2, NULL, 263, 'love');
INSERT INTO reactions (user_id, post_id, comment_id, reaction_type) VALUES (49, NULL, 263, 'like');
INSERT INTO reactions (user_id, post_id, comment_id, reaction_type) VALUES (37, NULL, 263, 'angry');
INSERT INTO comments (id, post_id, user_id, content) VALUES (264, 27, 7, 'Important their blue statement onto lose.');
INSERT INTO reactions (user_id, post_id, comment_id, reaction_type) VALUES (13, NULL, 264, 'like');
INSERT INTO reactions (user_id, post_id, comment_id, reaction_type) VALUES (3, NULL, 264, 'angry');
INSERT INTO reactions (user_id, post_id, comment_id, reaction_type) VALUES (41, NULL, 264, 'love');
INSERT INTO comments (id, post_id, user_id, content) VALUES (265, 27, 38, 'Various occur board poor safe.');
INSERT INTO reactions (user_id, post_id, comment_id, reaction_type) VALUES (18, NULL, 265, 'sad');
INSERT INTO reactions (user_id, post_id, comment_id, reaction_type) VALUES (16, NULL, 265, 'angry');
INSERT INTO reactions (user_id, post_id, comment_id, reaction_type) VALUES (31, NULL, 265, 'love');
INSERT INTO reactions (user_id, post_id, comment_id, reaction_type) VALUES (2, NULL, 265, 'love');
INSERT INTO posts (id, user_id, content, media_url) VALUES (28, 20, 'NASA releases high-definition images of a sunset on the moon - ABC News - No Content', 'None');
INSERT INTO reactions (user_id, post_id, comment_id, reaction_type) VALUES (31, 28, NULL, 'love');
INSERT INTO comments (id, post_id, user_id, content) VALUES (271, 28, 27, 'Seven data night possible scientist body nothing.');
INSERT INTO reactions (user_id, post_id, comment_id, reaction_type) VALUES (46, NULL, 271, 'sad');
INSERT INTO reactions (user_id, post_id, comment_id, reaction_type) VALUES (11, NULL, 271, 'haha');
INSERT INTO reactions (user_id, post_id, comment_id, reaction_type) VALUES (29, NULL, 271, 'angry');
INSERT INTO comments (id, post_id, user_id, content) VALUES (272, 28, 46, 'Every writer performance adult base economic.');
INSERT INTO reactions (user_id, post_id, comment_id, reaction_type) VALUES (42, NULL, 272, 'haha');
INSERT INTO reactions (user_id, post_id, comment_id, reaction_type) VALUES (47, NULL, 272, 'sad');
INSERT INTO comments (id, post_id, user_id, content) VALUES (273, 28, 20, 'Capital religious blood make discuss without appear.');
INSERT INTO reactions (user_id, post_id, comment_id, reaction_type) VALUES (25, NULL, 273, 'haha');
INSERT INTO reactions (user_id, post_id, comment_id, reaction_type) VALUES (26, NULL, 273, 'angry');
INSERT INTO comments (id, post_id, user_id, content) VALUES (274, 28, 21, 'Side pretty may approach.');
INSERT INTO comments (id, post_id, user_id, content) VALUES (275, 28, 39, 'Education voice forget company forward suddenly.');
INSERT INTO reactions (user_id, post_id, comment_id, reaction_type) VALUES (14, NULL, 275, 'angry');
INSERT INTO reactions (user_id, post_id, comment_id, reaction_type) VALUES (25, NULL, 275, 'haha');
INSERT INTO reactions (user_id, post_id, comment_id, reaction_type) VALUES (38, NULL, 275, 'angry');
INSERT INTO posts (id, user_id, content, media_url) VALUES (29, 42, 'Dark energy is weakening and the universe could (eventually) collapse, study says - NPR - The Dark Energy Spectroscopic Instrument (DESI) is studying dark energy and the accelerated expansion of the universe.', 'https://npr.brightspotcdn.com/dims3/default/strip/false/crop/551x310+124+0/resize/1400/quality/100/format/jpeg/?url=http%3A%2F%2Fnpr-brightspot.s3.amazonaws.com%2F95%2F22%2Feca3275f486e82a2e1328666abc8%2F52563599528-6299d221c5-c.jpg');
INSERT INTO reactions (user_id, post_id, comment_id, reaction_type) VALUES (5, 29, NULL, 'like');
INSERT INTO reactions (user_id, post_id, comment_id, reaction_type) VALUES (39, 29, NULL, 'love');
INSERT INTO reactions (user_id, post_id, comment_id, reaction_type) VALUES (11, 29, NULL, 'like');
INSERT INTO reactions (user_id, post_id, comment_id, reaction_type) VALUES (44, 29, NULL, 'sad');
INSERT INTO reactions (user_id, post_id, comment_id, reaction_type) VALUES (27, 29, NULL, 'like');
INSERT INTO comments (id, post_id, user_id, content) VALUES (281, 29, 26, 'Team game quickly challenge conference where.');
INSERT INTO reactions (user_id, post_id, comment_id, reaction_type) VALUES (41, NULL, 281, 'like');
INSERT INTO reactions (user_id, post_id, comment_id, reaction_type) VALUES (21, NULL, 281, 'angry');
INSERT INTO reactions (user_id, post_id, comment_id, reaction_type) VALUES (17, NULL, 281, 'haha');
INSERT INTO comments (id, post_id, user_id, content) VALUES (282, 29, 29, 'Former rest either respond activity.');
INSERT INTO comments (id, post_id, user_id, content) VALUES (283, 29, 20, 'Notice actually let analysis simple see well one.');
INSERT INTO reactions (user_id, post_id, comment_id, reaction_type) VALUES (37, NULL, 283, 'sad');
INSERT INTO reactions (user_id, post_id, comment_id, reaction_type) VALUES (35, NULL, 283, 'haha');
INSERT INTO reactions (user_id, post_id, comment_id, reaction_type) VALUES (9, NULL, 283, 'angry');
INSERT INTO reactions (user_id, post_id, comment_id, reaction_type) VALUES (36, NULL, 283, 'haha');
INSERT INTO reactions (user_id, post_id, comment_id, reaction_type) VALUES (6, NULL, 283, 'sad');
INSERT INTO comments (id, post_id, user_id, content) VALUES (284, 29, 24, 'Charge for sometimes increase cover local attention.');
INSERT INTO reactions (user_id, post_id, comment_id, reaction_type) VALUES (12, NULL, 284, 'sad');
INSERT INTO reactions (user_id, post_id, comment_id, reaction_type) VALUES (34, NULL, 284, 'sad');
INSERT INTO reactions (user_id, post_id, comment_id, reaction_type) VALUES (20, NULL, 284, 'haha');
INSERT INTO reactions (user_id, post_id, comment_id, reaction_type) VALUES (47, NULL, 284, 'like');
INSERT INTO comments (id, post_id, user_id, content) VALUES (285, 29, 2, 'Natural morning evidence.');
INSERT INTO reactions (user_id, post_id, comment_id, reaction_type) VALUES (50, NULL, 285, 'haha');
INSERT INTO posts (id, user_id, content, media_url) VALUES (30, 30, 'WHO calls for urgent action to address worldwide disruptions in tuberculosis services putting millions of lives at risk - World Health Organization - <p>On the occasion on World Tuberculosis (TB) Day, marked on 24 March, the World Health Organization (WHO) is calling for an urgent investment of resources to protect and maintain tuberculosis (TB) care and support services for people in need across regions a…', 'https://cdn.who.int/media/images/default-source/headquarters/teams/uhc---communicable-noncommunicable-diseases-(ucn)/global-tuberculosis-programme-(gtb)/office-of-the-director-gtb-(odt)/tbmyanmar.tmb-1200v.jpeg?sfvrsn=f35a9e1e_1');
INSERT INTO reactions (user_id, post_id, comment_id, reaction_type) VALUES (50, 30, NULL, 'angry');
INSERT INTO reactions (user_id, post_id, comment_id, reaction_type) VALUES (19, 30, NULL, 'love');
INSERT INTO reactions (user_id, post_id, comment_id, reaction_type) VALUES (47, 30, NULL, 'sad');
INSERT INTO reactions (user_id, post_id, comment_id, reaction_type) VALUES (29, 30, NULL, 'like');
INSERT INTO comments (id, post_id, user_id, content) VALUES (291, 30, 23, 'Officer both provide quickly fight.');
INSERT INTO comments (id, post_id, user_id, content) VALUES (292, 30, 48, 'Character actually little he just our professor.');
INSERT INTO reactions (user_id, post_id, comment_id, reaction_type) VALUES (48, NULL, 292, 'sad');
INSERT INTO reactions (user_id, post_id, comment_id, reaction_type) VALUES (33, NULL, 292, 'sad');
INSERT INTO reactions (user_id, post_id, comment_id, reaction_type) VALUES (18, NULL, 292, 'love');
INSERT INTO reactions (user_id, post_id, comment_id, reaction_type) VALUES (12, NULL, 292, 'sad');
INSERT INTO comments (id, post_id, user_id, content) VALUES (293, 30, 17, 'Lay protect style indicate official.');
INSERT INTO reactions (user_id, post_id, comment_id, reaction_type) VALUES (12, NULL, 293, 'angry');
INSERT INTO reactions (user_id, post_id, comment_id, reaction_type) VALUES (22, NULL, 293, 'haha');
INSERT INTO reactions (user_id, post_id, comment_id, reaction_type) VALUES (2, NULL, 293, 'haha');
INSERT INTO reactions (user_id, post_id, comment_id, reaction_type) VALUES (45, NULL, 293, 'like');
INSERT INTO comments (id, post_id, user_id, content) VALUES (294, 30, 13, 'End take them figure let off particular.');
INSERT INTO reactions (user_id, post_id, comment_id, reaction_type) VALUES (9, NULL, 294, 'sad');
INSERT INTO comments (id, post_id, user_id, content) VALUES (295, 30, 41, 'Involve note let face water tree hear.');
INSERT INTO reactions (user_id, post_id, comment_id, reaction_type) VALUES (24, NULL, 295, 'love');
INSERT INTO posts (id, user_id, content, media_url) VALUES (31, 10, 'Bad back? This is what really helps — the experts guide - The Times - Whether you have acute or chronic pain, here’s everything you need to know', 'https://www.thetimes.com/imageserver/image/%2F380e7cce-d23d-4d84-b95f-5a11c4367412.jpg?crop=5502%2C3094%2C0%2C222&resize=1200');
INSERT INTO reactions (user_id, post_id, comment_id, reaction_type) VALUES (28, 31, NULL, 'sad');
INSERT INTO reactions (user_id, post_id, comment_id, reaction_type) VALUES (46, 31, NULL, 'like');
INSERT INTO reactions (user_id, post_id, comment_id, reaction_type) VALUES (48, 31, NULL, 'sad');
INSERT INTO reactions (user_id, post_id, comment_id, reaction_type) VALUES (18, 31, NULL, 'like');
INSERT INTO reactions (user_id, post_id, comment_id, reaction_type) VALUES (29, 31, NULL, 'like');
INSERT INTO comments (id, post_id, user_id, content) VALUES (301, 31, 17, 'Good long three truth house.');
INSERT INTO reactions (user_id, post_id, comment_id, reaction_type) VALUES (23, NULL, 301, 'haha');
INSERT INTO reactions (user_id, post_id, comment_id, reaction_type) VALUES (38, NULL, 301, 'sad');
INSERT INTO reactions (user_id, post_id, comment_id, reaction_type) VALUES (47, NULL, 301, 'angry');
INSERT INTO comments (id, post_id, user_id, content) VALUES (302, 31, 7, 'Interest treat method understand health thousand whose kid.');
INSERT INTO reactions (user_id, post_id, comment_id, reaction_type) VALUES (2, NULL, 302, 'angry');
INSERT INTO reactions (user_id, post_id, comment_id, reaction_type) VALUES (18, NULL, 302, 'haha');
INSERT INTO reactions (user_id, post_id, comment_id, reaction_type) VALUES (34, NULL, 302, 'sad');
INSERT INTO comments (id, post_id, user_id, content) VALUES (303, 31, 16, 'Foreign newspaper effect stuff her smile actually.');
INSERT INTO comments (id, post_id, user_id, content) VALUES (304, 31, 37, 'Animal interest guy star door.');
INSERT INTO reactions (user_id, post_id, comment_id, reaction_type) VALUES (11, NULL, 304, 'love');
INSERT INTO reactions (user_id, post_id, comment_id, reaction_type) VALUES (21, NULL, 304, 'love');
INSERT INTO reactions (user_id, post_id, comment_id, reaction_type) VALUES (45, NULL, 304, 'like');
INSERT INTO reactions (user_id, post_id, comment_id, reaction_type) VALUES (41, NULL, 304, 'sad');
INSERT INTO reactions (user_id, post_id, comment_id, reaction_type) VALUES (39, NULL, 304, 'love');
INSERT INTO comments (id, post_id, user_id, content) VALUES (305, 31, 19, 'Style improve table forward.');
COMMIT;
